x-axis,1,2
second,Volt,Volt
+580.60000E-03,,
+580.65000E-03,-1.00322864E+00,-3.59905772E+00
+580.70000E-03,-1.00724874E+00,-3.61664566E+00
+580.75000E-03,-1.00373116E+00,-3.61664566E+00
+580.80000E-03,-999.71106E-03,-3.57895721E+00
+580.85000E-03,-1.00373116E+00,-3.57644465E+00
+580.90000E-03,-999.71106E-03,-3.57644465E+00
+580.95000E-03,-999.71106E-03,-3.59654515E+00
+581.00000E-03,-999.71106E-03,-3.53875621E+00
+581.05000E-03,-999.71106E-03,-3.61664566E+00
+581.10000E-03,-1.00724874E+00,-3.57644465E+00
+581.15000E-03,-999.71106E-03,-3.57644465E+00
+581.20000E-03,-999.71106E-03,-3.57644465E+00
+581.25000E-03,-999.71106E-03,-3.57644465E+00
+581.30000E-03,-1.00775126E+00,-3.53624365E+00
+581.35000E-03,-999.71106E-03,-3.57644465E+00
+581.40000E-03,-999.71106E-03,-3.53875621E+00
+581.45000E-03,-1.00373116E+00,-3.55634415E+00
+581.50000E-03,-999.71106E-03,-3.57644465E+00
+581.55000E-03,-1.01177136E+00,-3.55885671E+00
+581.60000E-03,-1.00724874E+00,-3.53624365E+00
+581.65000E-03,-1.00775126E+00,-3.51865571E+00
+581.70000E-03,-1.00724874E+00,-3.53624365E+00
+581.75000E-03,-999.71106E-03,-3.53624365E+00
+581.80000E-03,-999.71106E-03,-3.53875621E+00
+581.85000E-03,-999.71106E-03,-3.53624365E+00
+581.90000E-03,-999.71106E-03,-3.53624365E+00
+581.95000E-03,-1.00322864E+00,-3.51614315E+00
+582.00000E-03,-999.71106E-03,-3.53624365E+00
+582.05000E-03,-1.00775126E+00,-3.55885671E+00
+582.10000E-03,-1.00775126E+00,-3.53624365E+00
+582.15000E-03,-1.00775126E+00,-3.51865571E+00
+582.20000E-03,-999.71106E-03,-3.53624365E+00
+582.25000E-03,-1.00775126E+00,-3.53624365E+00
+582.30000E-03,-1.00775126E+00,-3.49855521E+00
+582.35000E-03,-1.00322864E+00,-3.49604264E+00
+582.40000E-03,-1.00775126E+00,-3.53624365E+00
+582.45000E-03,-1.00322864E+00,-3.51614315E+00
+582.50000E-03,-1.00775126E+00,-3.49604264E+00
+582.55000E-03,-1.00322864E+00,-3.49604264E+00
+582.60000E-03,-1.00775126E+00,-3.53624365E+00
+582.65000E-03,-1.00373116E+00,-3.49604264E+00
+582.70000E-03,-1.00775126E+00,-3.45835420E+00
+582.75000E-03,-1.00775126E+00,-3.51865571E+00
+582.80000E-03,-999.71106E-03,-3.45835420E+00
+582.85000E-03,-995.18844E-03,-3.49604264E+00
+582.90000E-03,-999.20854E-03,-3.49604264E+00
+582.95000E-03,-999.71106E-03,-3.45584164E+00
+583.00000E-03,-991.67085E-03,-3.45584164E+00
+583.05000E-03,-995.18844E-03,-3.45584164E+00
+583.10000E-03,-999.20854E-03,-3.49604264E+00
+583.15000E-03,-999.71106E-03,-3.45584164E+00
+583.20000E-03,-991.67085E-03,-3.45584164E+00
+583.25000E-03,-995.69095E-03,-3.45584164E+00
+583.30000E-03,-999.71106E-03,-3.45584164E+00
+583.35000E-03,-999.71106E-03,-3.45584164E+00
+583.40000E-03,-1.00724874E+00,-3.45584164E+00
+583.45000E-03,-1.00775126E+00,-3.45584164E+00
+583.50000E-03,-1.00724874E+00,-3.45584164E+00
+583.55000E-03,-999.71106E-03,-3.43825370E+00
+583.60000E-03,-999.71106E-03,-3.45584164E+00
+583.65000E-03,-1.00373116E+00,-3.43574114E+00
+583.70000E-03,-999.71106E-03,-3.41564063E+00
+583.75000E-03,-1.00373116E+00,-3.39554013E+00
+583.80000E-03,-1.00775126E+00,-3.45584164E+00
+583.85000E-03,-999.71106E-03,-3.41564063E+00
+583.90000E-03,-999.71106E-03,-3.45584164E+00
+583.95000E-03,-999.71106E-03,-3.43825370E+00
+584.00000E-03,-999.71106E-03,-3.37795219E+00
+584.05000E-03,-999.71106E-03,-3.41564063E+00
+584.10000E-03,-999.71106E-03,-3.41564063E+00
+584.15000E-03,-1.00373116E+00,-3.43825370E+00
+584.20000E-03,-1.00775126E+00,-3.37795219E+00
+584.25000E-03,-999.71106E-03,-3.39554013E+00
+584.30000E-03,-1.00724874E+00,-3.41564063E+00
+584.35000E-03,-1.00775126E+00,-3.41564063E+00
+584.40000E-03,-991.67085E-03,-3.37543963E+00
+584.45000E-03,-999.71106E-03,-3.39805269E+00
+584.50000E-03,-999.71106E-03,-3.37795219E+00
+584.55000E-03,-1.01579146E+00,-3.35533913E+00
+584.60000E-03,-1.01579146E+00,-3.33775119E+00
+584.65000E-03,-1.01126884E+00,-3.39805269E+00
+584.70000E-03,-1.01528894E+00,-3.41564063E+00
+584.75000E-03,-1.01177136E+00,-3.37543963E+00
+584.80000E-03,-1.01579146E+00,-3.37543963E+00
+584.85000E-03,-1.01579146E+00,-3.37543963E+00
+584.90000E-03,-1.01579146E+00,-3.33775119E+00
+584.95000E-03,-1.01579146E+00,-3.37543963E+00
+585.00000E-03,-1.01579146E+00,-3.37543963E+00
+585.05000E-03,-1.01579146E+00,-3.37543963E+00
+585.10000E-03,-1.00775126E+00,-3.37543963E+00
+585.15000E-03,-1.01579146E+00,-3.35533913E+00
+585.20000E-03,-1.01528894E+00,-3.37543963E+00
+585.25000E-03,-1.01126884E+00,-3.33523862E+00
+585.30000E-03,-1.01579146E+00,-3.37543963E+00
+585.35000E-03,-1.01579146E+00,-3.35533913E+00
+585.40000E-03,-1.00775126E+00,-3.33523862E+00
+585.45000E-03,-1.01579146E+00,-3.33523862E+00
+585.50000E-03,-1.01579146E+00,-3.33523862E+00
+585.55000E-03,-1.01579146E+00,-3.33523862E+00
+585.60000E-03,-1.01579146E+00,-3.37543963E+00
+585.65000E-03,-1.01126884E+00,-3.33523862E+00
+585.70000E-03,-1.01579146E+00,-3.33523862E+00
+585.75000E-03,-1.01579146E+00,-3.31765068E+00
+585.80000E-03,-1.00775126E+00,-3.33523862E+00
+585.85000E-03,-1.01126884E+00,-3.33523862E+00
+585.90000E-03,-1.01579146E+00,-3.29503762E+00
+585.95000E-03,-1.01579146E+00,-3.29503762E+00
+586.00000E-03,-1.01579146E+00,-3.29503762E+00
+586.05000E-03,-1.01930905E+00,-3.29503762E+00
+586.10000E-03,-1.01579146E+00,-3.33523862E+00
+586.15000E-03,-1.01579146E+00,-3.29503762E+00
+586.20000E-03,-1.01528894E+00,-3.29755018E+00
+586.25000E-03,-1.01579146E+00,-3.29503762E+00
+586.30000E-03,-1.01579146E+00,-3.33523862E+00
+586.35000E-03,-1.01177136E+00,-3.27493712E+00
+586.40000E-03,-1.01579146E+00,-3.29503762E+00
+586.45000E-03,-1.01579146E+00,-3.29503762E+00
+586.50000E-03,-1.01528894E+00,-3.29503762E+00
+586.55000E-03,-1.01579146E+00,-3.25483662E+00
+586.60000E-03,-1.01579146E+00,-3.25734918E+00
+586.65000E-03,-1.02383166E+00,-3.25483662E+00
+586.70000E-03,-1.01579146E+00,-3.25734918E+00
+586.75000E-03,-1.01579146E+00,-3.25483662E+00
+586.80000E-03,-1.00775126E+00,-3.25483662E+00
+586.85000E-03,-1.01126884E+00,-3.25483662E+00
+586.90000E-03,-1.00775126E+00,-3.25483662E+00
+586.95000E-03,-1.01579146E+00,-3.23724868E+00
+587.00000E-03,-1.01579146E+00,-3.25483662E+00
+587.05000E-03,-1.01177136E+00,-3.23724868E+00
+587.10000E-03,-1.01579146E+00,-3.21714817E+00
+587.15000E-03,-1.01981156E+00,-3.25483662E+00
+587.20000E-03,-1.01579146E+00,-3.25483662E+00
+587.25000E-03,-1.01579146E+00,-3.23473611E+00
+587.30000E-03,-1.01579146E+00,-3.21463561E+00
+587.35000E-03,-1.01126884E+00,-3.21463561E+00
+587.40000E-03,-1.01579146E+00,-3.21463561E+00
+587.45000E-03,-1.01579146E+00,-3.21463561E+00
+587.50000E-03,-1.01579146E+00,-3.21463561E+00
+587.55000E-03,-1.01579146E+00,-3.23473611E+00
+587.60000E-03,-1.01579146E+00,-3.21463561E+00
+587.65000E-03,-1.01126884E+00,-3.21463561E+00
+587.70000E-03,-1.01579146E+00,-3.17694717E+00
+587.75000E-03,-1.01579146E+00,-3.19453511E+00
+587.80000E-03,-1.01579146E+00,-3.21463561E+00
+587.85000E-03,-1.01981156E+00,-3.17443461E+00
+587.90000E-03,-1.01579146E+00,-3.17443461E+00
+587.95000E-03,-1.01579146E+00,-3.21463561E+00
+588.00000E-03,-1.01579146E+00,-3.17694717E+00
+588.05000E-03,-1.01177136E+00,-3.17443461E+00
+588.10000E-03,-1.01579146E+00,-3.21463561E+00
+588.15000E-03,-1.01930905E+00,-3.19453511E+00
+588.20000E-03,-1.02332915E+00,-3.17443461E+00
+588.25000E-03,-1.01930905E+00,-3.19704767E+00
+588.30000E-03,-1.00775126E+00,-3.17443461E+00
+588.35000E-03,-1.01528894E+00,-3.17443461E+00
+588.40000E-03,-1.01579146E+00,-3.17443461E+00
+588.45000E-03,-1.01579146E+00,-3.15433410E+00
+588.50000E-03,-1.01579146E+00,-3.17443461E+00
+588.55000E-03,-1.01579146E+00,-3.15433410E+00
+588.60000E-03,-1.01579146E+00,-3.17443461E+00
+588.65000E-03,-1.01579146E+00,-3.17443461E+00
+588.70000E-03,-1.01579146E+00,-3.17443461E+00
+588.75000E-03,-1.01579146E+00,-3.13423360E+00
+588.80000E-03,-1.01579146E+00,-3.17443461E+00
+588.85000E-03,-1.01579146E+00,-3.15433410E+00
+588.90000E-03,-1.02383166E+00,-3.13423360E+00
+588.95000E-03,-1.02734925E+00,-3.13423360E+00
+589.00000E-03,-1.03187186E+00,-3.13423360E+00
+589.05000E-03,-1.03187186E+00,-3.15684667E+00
+589.10000E-03,-1.02383166E+00,-3.09654516E+00
+589.15000E-03,-1.02785176E+00,-3.15684667E+00
+589.20000E-03,-1.03187186E+00,-3.17443461E+00
+589.25000E-03,-1.02383166E+00,-3.13423360E+00
+589.30000E-03,-1.02383166E+00,-3.17443461E+00
+589.35000E-03,-1.02734925E+00,-3.13423360E+00
+589.40000E-03,-1.02383166E+00,-3.13674616E+00
+589.45000E-03,-1.02785176E+00,-3.11664566E+00
+589.50000E-03,-1.02383166E+00,-3.13423360E+00
+589.55000E-03,-1.02383166E+00,-3.11664566E+00
+589.60000E-03,-1.03136935E+00,-3.13423360E+00
+589.65000E-03,-1.02785176E+00,-3.11413310E+00
+589.70000E-03,-1.02383166E+00,-3.09403260E+00
+589.75000E-03,-1.03187186E+00,-3.09654516E+00
+589.80000E-03,-1.02383166E+00,-3.09403260E+00
+589.85000E-03,-1.02383166E+00,-3.11413310E+00
+589.90000E-03,-1.03136935E+00,-3.05634415E+00
+589.95000E-03,-1.02734925E+00,-3.07644466E+00
+590.00000E-03,-1.02383166E+00,-3.09403260E+00
+590.05000E-03,-1.02734925E+00,-3.09403260E+00
+590.10000E-03,-1.02383166E+00,-3.09403260E+00
+590.15000E-03,-1.02734925E+00,-3.07644466E+00
+590.20000E-03,-1.03187186E+00,-3.05634415E+00
+590.25000E-03,-1.03187186E+00,-3.07393209E+00
+590.30000E-03,-1.03187186E+00,-3.05383159E+00
+590.35000E-03,-1.02785176E+00,-3.05383159E+00
+590.40000E-03,-1.03136935E+00,-3.05383159E+00
+590.45000E-03,-1.03187186E+00,-3.05383159E+00
+590.50000E-03,-1.02383166E+00,-3.05383159E+00
+590.55000E-03,-1.02785176E+00,-3.05383159E+00
+590.60000E-03,-1.03187186E+00,-3.05383159E+00
+590.65000E-03,-1.03187186E+00,-3.03624365E+00
+590.70000E-03,-1.03187186E+00,-3.05383159E+00
+590.75000E-03,-1.02383166E+00,-3.05383159E+00
+590.80000E-03,-1.02383166E+00,-3.05383159E+00
+590.85000E-03,-1.03187186E+00,-3.03373109E+00
+590.90000E-03,-1.02383166E+00,-3.01614315E+00
+590.95000E-03,-1.02785176E+00,-3.03373109E+00
+591.00000E-03,-1.02383166E+00,-3.01363059E+00
+591.05000E-03,-1.02734925E+00,-3.01363059E+00
+591.10000E-03,-1.02383166E+00,-3.05383159E+00
+591.15000E-03,-1.02785176E+00,-3.01363059E+00
+591.20000E-03,-1.03187186E+00,-3.01363059E+00
+591.25000E-03,-1.03187186E+00,-3.01363059E+00
+591.30000E-03,-1.02383166E+00,-3.01363059E+00
+591.35000E-03,-1.02734925E+00,-3.01363059E+00
+591.40000E-03,-1.02383166E+00,-3.01363059E+00
+591.45000E-03,-802.22362E-03,-3.01363059E+00
+591.50000E-03,-734.38442E-03,-3.01363059E+00
+591.55000E-03,-726.34422E-03,-2.99353009E+00
+591.60000E-03,-702.22362E-03,-3.01363059E+00
+591.65000E-03,-705.74121E-03,-2.97342958E+00
+591.70000E-03,-694.18342E-03,-2.97342958E+00
+591.75000E-03,-694.18342E-03,-2.99604265E+00
+591.80000E-03,-710.26382E-03,-2.97594215E+00
+591.85000E-03,-721.82161E-03,-2.97342958E+00
+591.90000E-03,-734.38442E-03,-2.97342958E+00
+591.95000E-03,-745.94221E-03,-2.99353009E+00
+592.00000E-03,-758.50503E-03,-2.97342958E+00
+592.05000E-03,-774.58543E-03,-2.97342958E+00
+592.10000E-03,-782.62563E-03,-2.93574114E+00
+592.15000E-03,-790.66583E-03,-2.95332908E+00
+592.20000E-03,-798.70603E-03,-2.93574114E+00
+592.25000E-03,-814.78643E-03,-2.95332908E+00
+592.30000E-03,-822.82664E-03,-2.97342958E+00
+592.35000E-03,-830.86684E-03,-2.93322858E+00
+592.40000E-03,-830.86684E-03,-2.93322858E+00
+592.45000E-03,-838.90704E-03,-2.95332908E+00
+592.50000E-03,-846.94724E-03,-2.93322858E+00
+592.55000E-03,-863.02764E-03,-2.93322858E+00
+592.60000E-03,-863.02764E-03,-2.93322858E+00
+592.65000E-03,-874.58543E-03,-2.91312808E+00
+592.70000E-03,-879.10804E-03,-2.93322858E+00
+592.75000E-03,-887.14824E-03,-2.93322858E+00
+592.80000E-03,-895.18844E-03,-2.93322858E+00
+592.85000E-03,-891.16834E-03,-2.91312808E+00
+592.90000E-03,-895.18844E-03,-2.93322858E+00
+592.95000E-03,-903.22864E-03,-2.93322858E+00
+593.00000E-03,-902.72613E-03,-2.93322858E+00
+593.05000E-03,-903.22864E-03,-2.93322858E+00
+593.10000E-03,-903.22864E-03,-2.89554014E+00
+593.15000E-03,-907.24874E-03,-2.91312808E+00
+593.20000E-03,-911.26885E-03,-2.89302757E+00
+593.25000E-03,-911.26885E-03,-2.91312808E+00
+593.30000E-03,-918.80653E-03,-2.89554014E+00
+593.35000E-03,-911.26885E-03,-2.89302757E+00
+593.40000E-03,-911.26885E-03,-2.89302757E+00
+593.45000E-03,-911.26885E-03,-2.87543963E+00
+593.50000E-03,-903.22864E-03,-2.89302757E+00
+593.55000E-03,-906.74623E-03,-2.89302757E+00
+593.60000E-03,-903.22864E-03,-2.89302757E+00
+593.65000E-03,-906.74623E-03,-2.91564064E+00
+593.70000E-03,-895.18844E-03,-2.89302757E+00
+593.75000E-03,-887.14824E-03,-2.89302757E+00
+593.80000E-03,-887.14824E-03,-2.85282657E+00
+593.85000E-03,-874.58543E-03,-2.89302757E+00
+593.90000E-03,-863.02764E-03,-2.85282657E+00
+593.95000E-03,-863.02764E-03,-2.83272607E+00
+594.00000E-03,-854.98744E-03,-2.85282657E+00
+594.05000E-03,-838.90704E-03,-2.83272607E+00
+594.10000E-03,-838.40452E-03,-2.89302757E+00
+594.15000E-03,-822.82664E-03,-2.85282657E+00
+594.20000E-03,-814.28392E-03,-2.81513813E+00
+594.25000E-03,-806.74623E-03,-2.83523863E+00
+594.30000E-03,-790.66583E-03,-2.81513813E+00
+594.35000E-03,-778.10302E-03,-2.83272607E+00
+594.40000E-03,-766.54523E-03,-2.85533913E+00
+594.45000E-03,-750.46483E-03,-2.85282657E+00
+594.50000E-03,-741.92211E-03,-2.85282657E+00
+594.55000E-03,-721.82161E-03,-2.83523863E+00
+594.60000E-03,-710.26382E-03,-2.81262556E+00
+594.65000E-03,-698.20352E-03,-2.83523863E+00
+594.70000E-03,-686.14322E-03,-2.81262556E+00
+594.75000E-03,-662.02262E-03,-2.81262556E+00
+594.80000E-03,-653.47990E-03,-2.77493712E+00
+594.85000E-03,-629.86181E-03,-2.79503763E+00
+594.90000E-03,-621.82161E-03,-2.85282657E+00
+594.95000E-03,-609.25880E-03,-2.79503763E+00
+595.00000E-03,-589.66081E-03,-2.85282657E+00
+595.05000E-03,-573.58041E-03,-2.81262556E+00
+595.10000E-03,-565.03769E-03,-2.77493712E+00
+595.15000E-03,-545.43970E-03,-2.79503763E+00
+595.20000E-03,-541.41960E-03,-2.81262556E+00
+595.25000E-03,-525.33920E-03,-2.79252506E+00
+595.30000E-03,-509.76131E-03,-2.81262556E+00
+595.35000E-03,-497.70101E-03,-2.79503763E+00
+595.40000E-03,-493.17840E-03,-2.77493712E+00
+595.45000E-03,-481.11810E-03,-2.77242456E+00
+595.50000E-03,-477.09800E-03,-2.81262556E+00
+595.55000E-03,-469.05779E-03,-2.75232406E+00
+595.60000E-03,-469.05779E-03,-2.77493712E+00
+595.65000E-03,-465.54021E-03,-2.75483662E+00
+595.70000E-03,-461.01759E-03,-2.77242456E+00
+595.75000E-03,-457.50001E-03,-2.77242456E+00
+595.80000E-03,-461.01759E-03,-2.77242456E+00
+595.85000E-03,-461.01759E-03,-2.73222356E+00
+595.90000E-03,-445.43970E-03,-2.77242456E+00
+595.95000E-03,-452.97739E-03,-2.75483662E+00
+596.00000E-03,-445.43970E-03,-2.77242456E+00
+596.05000E-03,-448.95729E-03,-2.73222356E+00
+596.10000E-03,-444.93719E-03,-2.77242456E+00
+596.15000E-03,-452.97739E-03,-2.75232406E+00
+596.20000E-03,-444.93719E-03,-2.73473612E+00
+596.25000E-03,-448.95729E-03,-2.73222356E+00
+596.30000E-03,-444.93719E-03,-2.69453511E+00
+596.35000E-03,-452.97739E-03,-2.71212305E+00
+596.40000E-03,-445.43970E-03,-2.77242456E+00
+596.45000E-03,-448.95729E-03,-2.73222356E+00
+596.50000E-03,-452.97739E-03,-2.77242456E+00
+596.55000E-03,-449.45980E-03,-2.71463562E+00
+596.60000E-03,-452.97739E-03,-2.73222356E+00
+596.65000E-03,-452.97739E-03,-2.69202255E+00
+596.70000E-03,-452.97739E-03,-2.73222356E+00
+596.75000E-03,-461.01759E-03,-2.73222356E+00
+596.80000E-03,-461.01759E-03,-2.69453511E+00
+596.85000E-03,-457.50001E-03,-2.71463562E+00
+596.90000E-03,-469.05779E-03,-2.69202255E+00
+596.95000E-03,-469.05779E-03,-2.69202255E+00
+597.00000E-03,-469.56031E-03,-2.69202255E+00
+597.05000E-03,-473.58041E-03,-2.69202255E+00
+597.10000E-03,-477.60051E-03,-2.69202255E+00
+597.15000E-03,-485.13820E-03,-2.69202255E+00
+597.20000E-03,-485.13820E-03,-2.73222356E+00
+597.25000E-03,-489.15830E-03,-2.69202255E+00
+597.30000E-03,-509.25880E-03,-2.69453511E+00
+597.35000E-03,-505.23870E-03,-2.69202255E+00
+597.40000E-03,-509.76131E-03,-2.69202255E+00
+597.45000E-03,-517.29900E-03,-2.67443461E+00
+597.50000E-03,-533.37940E-03,-2.69202255E+00
+597.55000E-03,-541.41960E-03,-2.65182155E+00
+597.60000E-03,-541.92212E-03,-2.65182155E+00
+597.65000E-03,-565.54021E-03,-2.69202255E+00
+597.70000E-03,-573.58041E-03,-2.69202255E+00
+597.75000E-03,-585.13820E-03,-2.67443461E+00
+597.80000E-03,-589.66081E-03,-2.65433411E+00
+597.85000E-03,-593.17840E-03,-2.67443461E+00
+597.90000E-03,-605.74121E-03,-2.65182155E+00
+597.95000E-03,-617.80151E-03,-2.65182155E+00
+598.00000E-03,-637.39950E-03,-2.65182155E+00
+598.05000E-03,-641.41960E-03,-2.63172104E+00
+598.10000E-03,-653.98242E-03,-2.65182155E+00
+598.15000E-03,-670.06282E-03,-2.65182155E+00
+598.20000E-03,-678.10302E-03,-2.61162054E+00
+598.25000E-03,-686.14322E-03,-2.63423361E+00
+598.30000E-03,-709.76131E-03,-2.61413310E+00
+598.35000E-03,-713.78141E-03,-2.61162054E+00
+598.40000E-03,-726.34422E-03,-2.65182155E+00
+598.45000E-03,-737.90201E-03,-2.59152004E+00
+598.50000E-03,-749.96231E-03,-2.61162054E+00
+598.55000E-03,-754.48493E-03,-2.57141954E+00
+598.60000E-03,-766.54523E-03,-2.61162054E+00
+598.65000E-03,-774.58543E-03,-2.61162054E+00
+598.70000E-03,-782.62563E-03,-2.61162054E+00
+598.75000E-03,-790.66583E-03,-2.61162054E+00
+598.80000E-03,-806.24372E-03,-2.61162054E+00
+598.85000E-03,-814.78643E-03,-2.59403260E+00
+598.90000E-03,-822.82664E-03,-2.61162054E+00
+598.95000E-03,-830.86684E-03,-2.59152004E+00
+599.00000E-03,-838.90704E-03,-2.57141954E+00
+599.05000E-03,-842.92714E-03,-2.59403260E+00
+599.10000E-03,-846.94724E-03,-2.57141954E+00
+599.15000E-03,-863.02764E-03,-2.59403260E+00
+599.20000E-03,-863.02764E-03,-2.57141954E+00
+599.25000E-03,-871.06784E-03,-2.59403260E+00
+599.30000E-03,-886.64573E-03,-2.57141954E+00
+599.35000E-03,-887.14824E-03,-2.57141954E+00
+599.40000E-03,-887.14824E-03,-2.57141954E+00
+599.45000E-03,-898.70603E-03,-2.53121853E+00
+599.50000E-03,-903.22864E-03,-2.53373110E+00
+599.55000E-03,-907.24874E-03,-2.53121853E+00
+599.60000E-03,-911.26885E-03,-2.57141954E+00
+599.65000E-03,-915.28895E-03,-2.55131903E+00
+599.70000E-03,-919.30905E-03,-2.57141954E+00
+599.75000E-03,-923.32915E-03,-2.53121853E+00
+599.80000E-03,-927.34925E-03,-2.57141954E+00
+599.85000E-03,-935.38945E-03,-2.53121853E+00
+599.90000E-03,-935.38945E-03,-2.53121853E+00
+599.95000E-03,-938.90704E-03,-2.53121853E+00
+600.00000E-03,-919.30905E-03,-2.53121853E+00
+600.05000E-03,-951.46985E-03,-2.53121853E+00
+600.10000E-03,-959.00754E-03,-2.49353009E+00
+600.15000E-03,-959.51005E-03,-2.53121853E+00
+600.20000E-03,-959.51005E-03,-2.53121853E+00
+600.25000E-03,-963.02764E-03,-2.53121853E+00
+600.30000E-03,-967.55025E-03,-2.53121853E+00
+600.35000E-03,-971.06784E-03,-2.49101753E+00
+600.40000E-03,-975.08794E-03,-2.49101753E+00
+600.45000E-03,-975.59045E-03,-2.51111803E+00
+600.50000E-03,-967.55025E-03,-2.49101753E+00
+600.55000E-03,-975.08794E-03,-2.51111803E+00
+600.60000E-03,-975.59045E-03,-2.49101753E+00
+600.65000E-03,-975.59045E-03,-2.47342959E+00
+600.70000E-03,-983.12814E-03,-2.49101753E+00
+600.75000E-03,-983.63065E-03,-2.47091703E+00
+600.80000E-03,-975.59045E-03,-2.49101753E+00
+600.85000E-03,-983.63065E-03,-2.49101753E+00
+600.90000E-03,-983.63065E-03,-2.49101753E+00
+600.95000E-03,-983.63065E-03,-2.47342959E+00
+601.00000E-03,-991.16834E-03,-2.45332909E+00
+601.05000E-03,-987.65075E-03,-2.45081652E+00
+601.10000E-03,-991.67085E-03,-2.49101753E+00
+601.15000E-03,-987.65075E-03,-2.49101753E+00
+601.20000E-03,-991.67085E-03,-2.45081652E+00
+601.25000E-03,-991.67085E-03,-2.45081652E+00
+601.30000E-03,-991.67085E-03,-2.49101753E+00
+601.35000E-03,-999.71106E-03,-2.45081652E+00
+601.40000E-03,-991.67085E-03,-2.45332909E+00
+601.45000E-03,-995.18844E-03,-2.45081652E+00
+601.50000E-03,-991.67085E-03,-2.45332909E+00
+601.55000E-03,-995.18844E-03,-2.45081652E+00
+601.60000E-03,-991.67085E-03,-2.49101753E+00
+601.65000E-03,-987.65075E-03,-2.47342959E+00
+601.70000E-03,-999.71106E-03,-2.45332909E+00
+601.75000E-03,-991.67085E-03,-2.49101753E+00
+601.80000E-03,-991.67085E-03,-2.49101753E+00
+601.85000E-03,-995.18844E-03,-2.47342959E+00
+601.90000E-03,-991.67085E-03,-2.49101753E+00
+601.95000E-03,-991.67085E-03,-2.49101753E+00
+602.00000E-03,-983.63065E-03,-2.49101753E+00
+602.05000E-03,-995.69095E-03,-2.47091703E+00
+602.10000E-03,-991.67085E-03,-2.49101753E+00
+602.15000E-03,-987.14824E-03,-2.51363059E+00
+602.20000E-03,-991.67085E-03,-2.53121853E+00
+602.25000E-03,-987.14824E-03,-2.51363059E+00
+602.30000E-03,-991.67085E-03,-2.49101753E+00
+602.35000E-03,-987.65075E-03,-2.53121853E+00
+602.40000E-03,-991.16834E-03,-2.53121853E+00
+602.45000E-03,-991.67085E-03,-2.49101753E+00
+602.50000E-03,-991.67085E-03,-2.49353009E+00
+602.55000E-03,-983.63065E-03,-2.51363059E+00
+602.60000E-03,-991.16834E-03,-2.53121853E+00
+602.65000E-03,-991.67085E-03,-2.53121853E+00
+602.70000E-03,-983.63065E-03,-2.53121853E+00
+602.75000E-03,-963.02764E-03,-2.53121853E+00
+602.80000E-03,-967.55025E-03,-2.53121853E+00
+602.85000E-03,-963.02764E-03,-2.53121853E+00
+602.90000E-03,-967.04774E-03,-2.57141954E+00
+602.95000E-03,-963.02764E-03,-2.57141954E+00
+603.00000E-03,-959.51005E-03,-2.53373110E+00
+603.05000E-03,-951.46985E-03,-2.53121853E+00
+603.10000E-03,-950.96734E-03,-2.57141954E+00
+603.15000E-03,-951.46985E-03,-2.55383160E+00
+603.20000E-03,-943.42965E-03,-2.57141954E+00
+603.25000E-03,-947.44975E-03,-2.55131903E+00
+603.30000E-03,-943.42965E-03,-2.53373110E+00
+603.35000E-03,-943.42965E-03,-2.57141954E+00
+603.40000E-03,-927.34925E-03,-2.57141954E+00
+603.45000E-03,-935.38945E-03,-2.57141954E+00
+603.50000E-03,-934.88694E-03,-2.57141954E+00
+603.55000E-03,-930.86683E-03,-2.59403260E+00
+603.60000E-03,-927.34925E-03,-2.57393210E+00
+603.65000E-03,-927.34925E-03,-2.57141954E+00
+603.70000E-03,-927.34925E-03,-2.57141954E+00
+603.75000E-03,-914.78643E-03,-2.57141954E+00
+603.80000E-03,-911.26885E-03,-2.61413310E+00
+603.85000E-03,-906.74623E-03,-2.59152004E+00
+603.90000E-03,-903.22864E-03,-2.57141954E+00
+603.95000E-03,-895.18844E-03,-2.61162054E+00
+604.00000E-03,-895.18844E-03,-2.61162054E+00
+604.05000E-03,-891.16834E-03,-2.59403260E+00
+604.10000E-03,-887.14824E-03,-2.57393210E+00
+604.15000E-03,-887.14824E-03,-2.63423361E+00
+604.20000E-03,-879.10804E-03,-2.61413310E+00
+604.25000E-03,-875.08794E-03,-2.61162054E+00
+604.30000E-03,-863.02764E-03,-2.61162054E+00
+604.35000E-03,-866.54523E-03,-2.61162054E+00
+604.40000E-03,-863.02764E-03,-2.61162054E+00
+604.45000E-03,-854.98744E-03,-2.63172104E+00
+604.50000E-03,-846.94724E-03,-2.65433411E+00
+604.55000E-03,-846.94724E-03,-2.63172104E+00
+604.60000E-03,-838.90704E-03,-2.61162054E+00
+604.65000E-03,-830.86684E-03,-2.65182155E+00
+604.70000E-03,-830.36432E-03,-2.65182155E+00
+604.75000E-03,-818.30402E-03,-2.63172104E+00
+604.80000E-03,-814.78643E-03,-2.61162054E+00
+604.85000E-03,-810.26382E-03,-2.65182155E+00
+604.90000E-03,-798.70603E-03,-2.69202255E+00
+604.95000E-03,-794.18342E-03,-2.65182155E+00
+605.00000E-03,-782.62563E-03,-2.69202255E+00
+605.05000E-03,-778.10302E-03,-2.67192205E+00
+605.10000E-03,-766.54523E-03,-2.65182155E+00
+605.15000E-03,-758.50503E-03,-2.65182155E+00
+605.20000E-03,-750.46483E-03,-2.65182155E+00
+605.25000E-03,-746.44473E-03,-2.67192205E+00
+605.30000E-03,-734.38442E-03,-2.69202255E+00
+605.35000E-03,-722.32412E-03,-2.65182155E+00
+605.40000E-03,-718.30402E-03,-2.69202255E+00
+605.45000E-03,-710.26382E-03,-2.69202255E+00
+605.50000E-03,-702.22362E-03,-2.69202255E+00
+605.55000E-03,-697.70101E-03,-2.71463562E+00
+605.60000E-03,-686.14322E-03,-2.69202255E+00
+605.65000E-03,-673.58041E-03,-2.71463562E+00
+605.70000E-03,-670.06282E-03,-2.69202255E+00
+605.75000E-03,-662.02262E-03,-2.67192205E+00
+605.80000E-03,-653.47990E-03,-2.69202255E+00
+605.85000E-03,-637.90201E-03,-2.71212305E+00
+605.90000E-03,-637.39950E-03,-2.69453511E+00
+605.95000E-03,-621.82161E-03,-2.73222356E+00
+606.00000E-03,-605.74121E-03,-2.73222356E+00
+606.05000E-03,-605.74121E-03,-2.69202255E+00
+606.10000E-03,-589.66081E-03,-2.69453511E+00
+606.15000E-03,-589.66081E-03,-2.71463562E+00
+606.20000E-03,-573.58041E-03,-2.69453511E+00
+606.25000E-03,-569.56031E-03,-2.73222356E+00
+606.30000E-03,-557.50000E-03,-2.73222356E+00
+606.35000E-03,-549.45980E-03,-2.75483662E+00
+606.40000E-03,-549.45980E-03,-2.73222356E+00
+606.45000E-03,-541.41960E-03,-2.75483662E+00
+606.50000E-03,-533.37940E-03,-2.77242456E+00
+606.55000E-03,-533.37940E-03,-2.73222356E+00
+606.60000E-03,-525.33920E-03,-2.77242456E+00
+606.65000E-03,-517.29900E-03,-2.71212305E+00
+606.70000E-03,-509.76131E-03,-2.73473612E+00
+606.75000E-03,-501.21860E-03,-2.77242456E+00
+606.80000E-03,-501.21860E-03,-2.73473612E+00
+606.85000E-03,-493.17840E-03,-2.77242456E+00
+606.90000E-03,-485.13820E-03,-2.77493712E+00
+606.95000E-03,-485.13820E-03,-2.77242456E+00
+607.00000E-03,-477.09800E-03,-2.77493712E+00
+607.05000E-03,-477.09800E-03,-2.77242456E+00
+607.10000E-03,-469.05779E-03,-2.77242456E+00
+607.15000E-03,-469.05779E-03,-2.79503763E+00
+607.20000E-03,-461.52011E-03,-2.77493712E+00
+607.25000E-03,-461.01759E-03,-2.77242456E+00
+607.30000E-03,-461.01759E-03,-2.81262556E+00
+607.35000E-03,-461.01759E-03,-2.77242456E+00
+607.40000E-03,-453.47991E-03,-2.77493712E+00
+607.45000E-03,-461.01759E-03,-2.81262556E+00
+607.50000E-03,-461.01759E-03,-2.81262556E+00
+607.55000E-03,-456.99749E-03,-2.79503763E+00
+607.60000E-03,-445.43970E-03,-2.85282657E+00
+607.65000E-03,-452.97739E-03,-2.83523863E+00
+607.70000E-03,-444.93719E-03,-2.81262556E+00
+607.75000E-03,-452.97739E-03,-2.83523863E+00
+607.80000E-03,-452.97739E-03,-2.77493712E+00
+607.85000E-03,-448.95729E-03,-2.83523863E+00
+607.90000E-03,-452.97739E-03,-2.81513813E+00
+607.95000E-03,-444.93719E-03,-2.81262556E+00
+608.00000E-03,-445.43970E-03,-2.81513813E+00
+608.05000E-03,-452.97739E-03,-2.85282657E+00
+608.10000E-03,-452.97739E-03,-2.85282657E+00
+608.15000E-03,-449.45980E-03,-2.83272607E+00
+608.20000E-03,-461.01759E-03,-2.81262556E+00
+608.25000E-03,-456.99749E-03,-2.81262556E+00
+608.30000E-03,-452.97739E-03,-2.81262556E+00
+608.35000E-03,-452.97739E-03,-2.85282657E+00
+608.40000E-03,-452.97739E-03,-2.85282657E+00
+608.45000E-03,-461.01759E-03,-2.87543963E+00
+608.50000E-03,-469.05779E-03,-2.85533913E+00
+608.55000E-03,-461.01759E-03,-2.85282657E+00
+608.60000E-03,-469.05779E-03,-2.81513813E+00
+608.65000E-03,-473.07790E-03,-2.87292707E+00
+608.70000E-03,-477.09800E-03,-2.85533913E+00
+608.75000E-03,-477.09800E-03,-2.87543963E+00
+608.80000E-03,-477.09800E-03,-2.89302757E+00
+608.85000E-03,-477.09800E-03,-2.85282657E+00
+608.90000E-03,-485.13820E-03,-2.89302757E+00
+608.95000E-03,-493.17840E-03,-2.89302757E+00
+609.00000E-03,-485.64071E-03,-2.89302757E+00
+609.05000E-03,-497.70101E-03,-2.89302757E+00
+609.10000E-03,-493.68091E-03,-2.89302757E+00
+609.15000E-03,-505.23870E-03,-2.87543963E+00
+609.20000E-03,-517.29900E-03,-2.89302757E+00
+609.25000E-03,-517.29900E-03,-2.87543963E+00
+609.30000E-03,-525.33920E-03,-2.93322858E+00
+609.35000E-03,-529.86181E-03,-2.87543963E+00
+609.40000E-03,-541.41960E-03,-2.93322858E+00
+609.45000E-03,-553.98242E-03,-2.89302757E+00
+609.50000E-03,-557.50000E-03,-2.93322858E+00
+609.55000E-03,-573.58041E-03,-2.91312808E+00
+609.60000E-03,-581.62061E-03,-2.89302757E+00
+609.65000E-03,-597.70101E-03,-2.91564064E+00
+609.70000E-03,-605.74121E-03,-2.93322858E+00
+609.75000E-03,-613.78141E-03,-2.89302757E+00
+609.80000E-03,-629.86181E-03,-2.93322858E+00
+609.85000E-03,-641.92211E-03,-2.95584164E+00
+609.90000E-03,-653.98242E-03,-2.93322858E+00
+609.95000E-03,-662.02262E-03,-2.95332908E+00
+610.00000E-03,-670.06282E-03,-2.93322858E+00
+610.05000E-03,-694.18342E-03,-2.95584164E+00
+610.10000E-03,-702.22362E-03,-2.93322858E+00
+610.15000E-03,-710.26382E-03,-2.95332908E+00
+610.20000E-03,-718.30402E-03,-2.93574114E+00
+610.25000E-03,-734.38442E-03,-2.97342958E+00
+610.30000E-03,-742.42463E-03,-2.97342958E+00
+610.35000E-03,-758.50503E-03,-2.97342958E+00
+610.40000E-03,-766.54523E-03,-3.01363059E+00
+610.45000E-03,-774.58543E-03,-2.97342958E+00
+610.50000E-03,-782.62563E-03,-2.97342958E+00
+610.55000E-03,-790.66583E-03,-2.97342958E+00
+610.60000E-03,-798.70603E-03,-2.97342958E+00
+610.65000E-03,-814.78643E-03,-2.97342958E+00
+610.70000E-03,-822.82664E-03,-3.01363059E+00
+610.75000E-03,-830.86684E-03,-2.97342958E+00
+610.80000E-03,-838.90704E-03,-2.97594215E+00
+610.85000E-03,-842.92714E-03,-2.95332908E+00
+610.90000E-03,-854.98744E-03,-2.97594215E+00
+610.95000E-03,-859.00754E-03,-2.99604265E+00
+611.00000E-03,-871.06784E-03,-3.01363059E+00
+611.05000E-03,-871.06784E-03,-3.01363059E+00
+611.10000E-03,-879.10804E-03,-2.97342958E+00
+611.15000E-03,-882.62563E-03,-3.01363059E+00
+611.20000E-03,-887.14824E-03,-2.97594215E+00
+611.25000E-03,-895.18844E-03,-3.01363059E+00
+611.30000E-03,-902.72613E-03,-3.01363059E+00
+611.35000E-03,-899.20854E-03,-3.01363059E+00
+611.40000E-03,-903.22864E-03,-3.01363059E+00
+611.45000E-03,-911.26885E-03,-3.01363059E+00
+611.50000E-03,-903.22864E-03,-3.01363059E+00
+611.55000E-03,-906.74623E-03,-3.03373109E+00
+611.60000E-03,-911.26885E-03,-3.05383159E+00
+611.65000E-03,-915.28895E-03,-3.05383159E+00
+611.70000E-03,-911.26885E-03,-3.01614315E+00
+611.75000E-03,-914.78643E-03,-3.07644466E+00
+611.80000E-03,-918.80653E-03,-3.01614315E+00
+611.85000E-03,-911.26885E-03,-3.03624365E+00
+611.90000E-03,-918.80653E-03,-3.05383159E+00
+611.95000E-03,-911.26885E-03,-3.05383159E+00
+612.00000E-03,-911.26885E-03,-3.05383159E+00
+612.05000E-03,-907.24874E-03,-3.03624365E+00
+612.10000E-03,-903.22864E-03,-3.05383159E+00
+612.15000E-03,-903.22864E-03,-3.07644466E+00
+612.20000E-03,-902.72613E-03,-3.01614315E+00
+612.25000E-03,-895.18844E-03,-3.05383159E+00
+612.30000E-03,-895.18844E-03,-3.05634415E+00
+612.35000E-03,-890.66583E-03,-3.05383159E+00
+612.40000E-03,-886.64573E-03,-3.09403260E+00
+612.45000E-03,-882.62563E-03,-3.07393209E+00
+612.50000E-03,-871.06784E-03,-3.09403260E+00
+612.55000E-03,-871.06784E-03,-3.09403260E+00
+612.60000E-03,-871.06784E-03,-3.09403260E+00
+612.65000E-03,-862.52513E-03,-3.07393209E+00
+612.70000E-03,-846.94724E-03,-3.09403260E+00
+612.75000E-03,-859.00754E-03,-3.09403260E+00
+612.80000E-03,-846.94724E-03,-3.09403260E+00
+612.85000E-03,-838.90704E-03,-3.11664566E+00
+612.90000E-03,-838.90704E-03,-3.09403260E+00
+612.95000E-03,-830.86684E-03,-3.09403260E+00
+613.00000E-03,-822.82664E-03,-3.09403260E+00
+613.05000E-03,-810.76633E-03,-3.11413310E+00
+613.10000E-03,-806.74623E-03,-3.09403260E+00
+613.15000E-03,-802.72613E-03,-3.09403260E+00
+613.20000E-03,-798.70603E-03,-3.09403260E+00
+613.25000E-03,-786.14322E-03,-3.13423360E+00
+613.30000E-03,-782.12312E-03,-3.09403260E+00
+613.35000E-03,-770.56533E-03,-3.11413310E+00
+613.40000E-03,-766.54523E-03,-3.13423360E+00
+613.45000E-03,-754.48493E-03,-3.11664566E+00
+613.50000E-03,-750.46483E-03,-3.13423360E+00
+613.55000E-03,-737.90201E-03,-3.15433410E+00
+613.60000E-03,-726.34422E-03,-3.13423360E+00
+613.65000E-03,-726.34422E-03,-3.13423360E+00
+613.70000E-03,-718.30402E-03,-3.13423360E+00
+613.75000E-03,-714.28392E-03,-3.15684667E+00
+613.80000E-03,-709.76131E-03,-3.17443461E+00
+613.85000E-03,-702.22362E-03,-3.17443461E+00
+613.90000E-03,-694.18342E-03,-3.17443461E+00
+613.95000E-03,-686.14322E-03,-3.13423360E+00
+614.00000E-03,-670.06282E-03,-3.13674616E+00
+614.05000E-03,-670.06282E-03,-3.15684667E+00
+614.10000E-03,-669.56031E-03,-3.17443461E+00
+614.15000E-03,-662.02262E-03,-3.17443461E+00
+614.20000E-03,-661.52010E-03,-3.17443461E+00
+614.25000E-03,-649.45980E-03,-3.17443461E+00
+614.30000E-03,-645.94221E-03,-3.21463561E+00
+614.35000E-03,-637.90201E-03,-3.15433410E+00
+614.40000E-03,-645.43970E-03,-3.17443461E+00
+614.45000E-03,-633.88191E-03,-3.17443461E+00
+614.50000E-03,-629.86181E-03,-3.17443461E+00
+614.55000E-03,-629.86181E-03,-3.21463561E+00
+614.60000E-03,-629.86181E-03,-3.21463561E+00
+614.65000E-03,-625.33920E-03,-3.19453511E+00
+614.70000E-03,-621.82161E-03,-3.17443461E+00
+614.75000E-03,-625.33920E-03,-3.19704767E+00
+614.80000E-03,-629.35930E-03,-3.21463561E+00
+614.85000E-03,-625.33920E-03,-3.21463561E+00
+614.90000E-03,-621.31910E-03,-3.21463561E+00
+614.95000E-03,-617.80151E-03,-3.17443461E+00
+615.00000E-03,-621.31910E-03,-3.21463561E+00
+615.05000E-03,-617.29900E-03,-3.21463561E+00
+615.10000E-03,-613.78141E-03,-3.17694717E+00
+615.15000E-03,-617.29900E-03,-3.21463561E+00
+615.20000E-03,-613.78141E-03,-3.21463561E+00
+615.25000E-03,-621.82161E-03,-3.21463561E+00
+615.30000E-03,-629.35930E-03,-3.25483662E+00
+615.35000E-03,-625.84171E-03,-3.25483662E+00
+615.40000E-03,-629.86181E-03,-3.25483662E+00
+615.45000E-03,-633.88191E-03,-3.25483662E+00
+615.50000E-03,-637.39950E-03,-3.25483662E+00
+615.55000E-03,-653.98242E-03,-3.23473611E+00
+615.60000E-03,-653.98242E-03,-3.21714817E+00
+615.65000E-03,-662.02262E-03,-3.23724868E+00
+615.70000E-03,-662.02262E-03,-3.25483662E+00
+615.75000E-03,-666.04272E-03,-3.25483662E+00
+615.80000E-03,-670.06282E-03,-3.25483662E+00
+615.85000E-03,-678.10302E-03,-3.23724868E+00
+615.90000E-03,-686.14322E-03,-3.25734918E+00
+615.95000E-03,-694.18342E-03,-3.27744968E+00
+616.00000E-03,-701.72111E-03,-3.25483662E+00
+616.05000E-03,-706.24372E-03,-3.25483662E+00
+616.10000E-03,-710.26382E-03,-3.25734918E+00
+616.15000E-03,-718.30402E-03,-3.27493712E+00
+616.20000E-03,-726.34422E-03,-3.29503762E+00
+616.25000E-03,-734.38442E-03,-3.29503762E+00
+616.30000E-03,-734.38442E-03,-3.33523862E+00
+616.35000E-03,-737.90201E-03,-3.29503762E+00
+616.40000E-03,-742.42463E-03,-3.29503762E+00
+616.45000E-03,-750.46483E-03,-3.31513812E+00
+616.50000E-03,-750.46483E-03,-3.29755018E+00
+616.55000E-03,-753.98241E-03,-3.29503762E+00
+616.60000E-03,-758.50503E-03,-3.29503762E+00
+616.65000E-03,-762.02262E-03,-3.27493712E+00
+616.70000E-03,-766.54523E-03,-3.33523862E+00
+616.75000E-03,-778.10302E-03,-3.29503762E+00
+616.80000E-03,-782.12312E-03,-3.33523862E+00
+616.85000E-03,-782.62563E-03,-3.35533913E+00
+616.90000E-03,-790.66583E-03,-3.33523862E+00
+616.95000E-03,-790.66583E-03,-3.33523862E+00
+617.00000E-03,-790.66583E-03,-3.33523862E+00
+617.05000E-03,-802.72613E-03,-3.35785169E+00
+617.10000E-03,-806.74623E-03,-3.33775119E+00
+617.15000E-03,-814.78643E-03,-3.33523862E+00
+617.20000E-03,-814.78643E-03,-3.33523862E+00
+617.25000E-03,-822.82664E-03,-3.35533913E+00
+617.30000E-03,-822.82664E-03,-3.33523862E+00
+617.35000E-03,-830.86684E-03,-3.33523862E+00
+617.40000E-03,-838.90704E-03,-3.37543963E+00
+617.45000E-03,-842.92714E-03,-3.37543963E+00
+617.50000E-03,-838.90704E-03,-3.37543963E+00
+617.55000E-03,-850.46483E-03,-3.33523862E+00
+617.60000E-03,-854.98744E-03,-3.37543963E+00
+617.65000E-03,-858.50503E-03,-3.37543963E+00
+617.70000E-03,-854.98744E-03,-3.37795219E+00
+617.75000E-03,-871.06784E-03,-3.39554013E+00
+617.80000E-03,-878.60553E-03,-3.37543963E+00
+617.85000E-03,-871.06784E-03,-3.35533913E+00
+617.90000E-03,-879.10804E-03,-3.37543963E+00
+617.95000E-03,-883.12814E-03,-3.37543963E+00
+618.00000E-03,-887.14824E-03,-3.41564063E+00
+618.05000E-03,-887.14824E-03,-3.39805269E+00
+618.10000E-03,-894.68593E-03,-3.41564063E+00
+618.15000E-03,-895.18844E-03,-3.37543963E+00
+618.20000E-03,-895.18844E-03,-3.41564063E+00
+618.25000E-03,-903.22864E-03,-3.39554013E+00
+618.30000E-03,-895.18844E-03,-3.37795219E+00
+618.35000E-03,-911.26885E-03,-3.37543963E+00
+618.40000E-03,-911.26885E-03,-3.37795219E+00
+618.45000E-03,-919.30905E-03,-3.41564063E+00
+618.50000E-03,-918.80653E-03,-3.41564063E+00
+618.55000E-03,-915.28895E-03,-3.41564063E+00
+618.60000E-03,-927.34925E-03,-3.41564063E+00
+618.65000E-03,-922.82663E-03,-3.43825370E+00
+618.70000E-03,-919.30905E-03,-3.41564063E+00
+618.75000E-03,-927.34925E-03,-3.41815320E+00
+618.80000E-03,-927.34925E-03,-3.41564063E+00
+618.85000E-03,-927.34925E-03,-3.41564063E+00
+618.90000E-03,-927.34925E-03,-3.41564063E+00
+618.95000E-03,-935.38945E-03,-3.45584164E+00
+619.00000E-03,-935.38945E-03,-3.45584164E+00
+619.05000E-03,-943.42965E-03,-3.45584164E+00
+619.10000E-03,-943.42965E-03,-3.41815320E+00
+619.15000E-03,-947.44975E-03,-3.41564063E+00
+619.20000E-03,-951.46985E-03,-3.45584164E+00
+619.25000E-03,-947.44975E-03,-3.45584164E+00
+619.30000E-03,-943.42965E-03,-3.45584164E+00
+619.35000E-03,-954.98744E-03,-3.45835420E+00
+619.40000E-03,-951.46985E-03,-3.45584164E+00
+619.45000E-03,-959.51005E-03,-3.45584164E+00
+619.50000E-03,-959.00754E-03,-3.45835420E+00
+619.55000E-03,-959.51005E-03,-3.45584164E+00
+619.60000E-03,-967.04774E-03,-3.45835420E+00
+619.65000E-03,-967.55025E-03,-3.51865571E+00
+619.70000E-03,-967.04774E-03,-3.53624365E+00
+619.75000E-03,-963.53015E-03,-3.49604264E+00
+619.80000E-03,-959.51005E-03,-3.45584164E+00
+619.85000E-03,-963.02764E-03,-3.51614315E+00
+619.90000E-03,-967.55025E-03,-3.49604264E+00
+619.95000E-03,-967.55025E-03,-3.45584164E+00
+620.00000E-03,-975.08794E-03,-3.49604264E+00
+620.05000E-03,-975.59045E-03,-3.47845470E+00
+620.10000E-03,-967.55025E-03,-3.49604264E+00
+620.15000E-03,-975.59045E-03,-3.51614315E+00
+620.20000E-03,-975.59045E-03,-3.49855521E+00
+620.25000E-03,-971.57035E-03,-3.47594214E+00
+620.30000E-03,-975.59045E-03,-3.53624365E+00
+620.35000E-03,-979.10804E-03,-3.51614315E+00
+620.40000E-03,-975.59045E-03,-3.49855521E+00
+620.45000E-03,-979.61055E-03,-3.53624365E+00
+620.50000E-03,-983.63065E-03,-3.53624365E+00
+620.55000E-03,-979.61055E-03,-3.51865571E+00
+620.60000E-03,-983.63065E-03,-3.53624365E+00
+620.65000E-03,-983.63065E-03,-3.51865571E+00
+620.70000E-03,-983.63065E-03,-3.53875621E+00
+620.75000E-03,-983.63065E-03,-3.53624365E+00
+620.80000E-03,-983.63065E-03,-3.53624365E+00
+620.85000E-03,-983.63065E-03,-3.53624365E+00
+620.90000E-03,-983.63065E-03,-3.57644465E+00
+620.95000E-03,-983.63065E-03,-3.55634415E+00
+621.00000E-03,-983.63065E-03,-3.53875621E+00
+621.05000E-03,-987.65075E-03,-3.55634415E+00
+621.10000E-03,-991.67085E-03,-3.53875621E+00
+621.15000E-03,-991.67085E-03,-3.55634415E+00
+621.20000E-03,-991.67085E-03,-3.53875621E+00
+621.25000E-03,-991.67085E-03,-3.55634415E+00
+621.30000E-03,-991.16834E-03,-3.57644465E+00
+621.35000E-03,-995.18844E-03,-3.55885671E+00
+621.40000E-03,-983.63065E-03,-3.57644465E+00
+621.45000E-03,-995.18844E-03,-3.57644465E+00
+621.50000E-03,-991.67085E-03,-3.57644465E+00
+621.55000E-03,-987.14824E-03,-3.55634415E+00
+621.60000E-03,-999.71106E-03,-3.57644465E+00
+621.65000E-03,-995.69095E-03,-3.57644465E+00
+621.70000E-03,-991.16834E-03,-3.57644465E+00
+621.75000E-03,-995.18844E-03,-3.59905772E+00
+621.80000E-03,-999.20854E-03,-3.57895721E+00
+621.85000E-03,-991.67085E-03,-3.55885671E+00
+621.90000E-03,-999.71106E-03,-3.61664566E+00
+621.95000E-03,-991.67085E-03,-3.59654515E+00
+622.00000E-03,-991.67085E-03,-3.57895721E+00
+622.05000E-03,-995.69095E-03,-3.61664566E+00
+622.10000E-03,-999.71106E-03,-3.61664566E+00
+622.15000E-03,-995.18844E-03,-3.59905772E+00
+622.20000E-03,-991.67085E-03,-3.61664566E+00
+622.25000E-03,-995.69095E-03,-3.63925872E+00
+622.30000E-03,-991.67085E-03,-3.61664566E+00
+622.35000E-03,-1.00322864E+00,-3.59905772E+00
+622.40000E-03,-1.00724874E+00,-3.61664566E+00
+622.45000E-03,-999.71106E-03,-3.63925872E+00
+622.50000E-03,-999.71106E-03,-3.61664566E+00
+622.55000E-03,-999.71106E-03,-3.61664566E+00
+622.60000E-03,-999.71106E-03,-3.65684666E+00
+622.65000E-03,-999.71106E-03,-3.65684666E+00
+622.70000E-03,-1.00724874E+00,-3.61915822E+00
+622.75000E-03,-1.00775126E+00,-3.61664566E+00
+622.80000E-03,-1.00724874E+00,-3.65684666E+00
+622.85000E-03,-999.71106E-03,-3.63674616E+00
+622.90000E-03,-999.71106E-03,-3.61915822E+00
+622.95000E-03,-999.71106E-03,-3.61664566E+00
+623.00000E-03,-999.71106E-03,-3.61915822E+00
+623.05000E-03,-999.71106E-03,-3.67694716E+00
+623.10000E-03,-999.71106E-03,-3.65684666E+00
+623.15000E-03,-999.71106E-03,-3.67945973E+00
+623.20000E-03,-991.67085E-03,-3.73724867E+00
+623.25000E-03,-1.00373116E+00,-3.67694716E+00
+623.30000E-03,-999.71106E-03,-3.69704767E+00
+623.35000E-03,-999.71106E-03,-3.67945973E+00
+623.40000E-03,-999.71106E-03,-3.69704767E+00
+623.45000E-03,-999.71106E-03,-3.69704767E+00
+623.50000E-03,-999.71106E-03,-3.65935922E+00
+623.55000E-03,-995.18844E-03,-3.69704767E+00
+623.60000E-03,-999.71106E-03,-3.69704767E+00
+623.65000E-03,-999.71106E-03,-3.69704767E+00
+623.70000E-03,-1.00724874E+00,-3.69704767E+00
+623.75000E-03,-999.71106E-03,-3.69704767E+00
+623.80000E-03,-1.00724874E+00,-3.65935922E+00
+623.85000E-03,-1.00322864E+00,-3.69704767E+00
+623.90000E-03,-999.71106E-03,-3.73724867E+00
+623.95000E-03,-999.71106E-03,-3.71966073E+00
+624.00000E-03,-999.71106E-03,-3.69956023E+00
+624.05000E-03,-999.71106E-03,-3.71966073E+00
+624.10000E-03,-999.71106E-03,-3.73724867E+00
+624.15000E-03,-999.71106E-03,-3.71714817E+00
+624.20000E-03,-999.71106E-03,-3.73724867E+00
+624.25000E-03,-999.71106E-03,-3.71966073E+00
+624.30000E-03,-991.67085E-03,-3.73724867E+00
+624.35000E-03,-999.71106E-03,-3.73724867E+00
+624.40000E-03,-999.71106E-03,-3.73724867E+00
+624.45000E-03,-991.67085E-03,-3.73724867E+00
+624.50000E-03,-991.67085E-03,-3.73724867E+00
+624.55000E-03,-987.65075E-03,-3.73724867E+00
+624.60000E-03,-975.59045E-03,-3.77744967E+00
+624.65000E-03,-1.00775126E+00,-3.75986174E+00
+624.70000E-03,-1.00775126E+00,-3.73724867E+00
+624.75000E-03,-1.00373116E+00,-3.77744967E+00
+624.80000E-03,-1.00775126E+00,-3.77744967E+00
+624.85000E-03,-999.71106E-03,-3.73724867E+00
+624.90000E-03,-1.00775126E+00,-3.77744967E+00
+624.95000E-03,-1.00322864E+00,-3.75734917E+00
+625.00000E-03,-1.00775126E+00,-3.77744967E+00
+625.05000E-03,-1.00373116E+00,-3.75734917E+00
+625.10000E-03,-1.00724874E+00,-3.77744967E+00
+625.15000E-03,-1.00322864E+00,-3.80006274E+00
+625.20000E-03,-1.00775126E+00,-3.77744967E+00
+625.25000E-03,-1.00322864E+00,-3.73724867E+00
+625.30000E-03,-1.00724874E+00,-3.77744967E+00
+625.35000E-03,-1.00775126E+00,-3.80006274E+00
+625.40000E-03,-1.00775126E+00,-3.77996224E+00
+625.45000E-03,-1.00373116E+00,-3.80006274E+00
+625.50000E-03,-999.71106E-03,-3.77996224E+00
+625.55000E-03,-1.00373116E+00,-3.79755018E+00
+625.60000E-03,-999.71106E-03,-3.81765068E+00
+625.65000E-03,-1.00373116E+00,-3.81765068E+00
+625.70000E-03,-1.00775126E+00,-3.81765068E+00
+625.75000E-03,-1.00373116E+00,-3.81765068E+00
+625.80000E-03,-999.71106E-03,-3.85785168E+00
+625.85000E-03,-1.00775126E+00,-3.84026374E+00
+625.90000E-03,-1.00724874E+00,-3.82016324E+00
+625.95000E-03,-1.00373116E+00,-3.83775118E+00
+626.00000E-03,-1.00724874E+00,-3.81765068E+00
+626.05000E-03,-1.00775126E+00,-3.81765068E+00
+626.10000E-03,-999.71106E-03,-3.82016324E+00
+626.15000E-03,-1.00775126E+00,-3.83775118E+00
+626.20000E-03,-1.00724874E+00,-3.85785168E+00
+626.25000E-03,-999.71106E-03,-3.81765068E+00
+626.30000E-03,-1.00724874E+00,-3.82016324E+00
+626.35000E-03,-1.00775126E+00,-3.81765068E+00
+626.40000E-03,-1.00775126E+00,-3.85785168E+00
+626.45000E-03,-999.71106E-03,-3.85785168E+00
+626.50000E-03,-1.00775126E+00,-3.85785168E+00
+626.55000E-03,-1.00775126E+00,-3.85785168E+00
+626.60000E-03,-999.71106E-03,-3.85785168E+00
+626.65000E-03,-1.00373116E+00,-3.87795219E+00
+626.70000E-03,-999.71106E-03,-3.86036425E+00
+626.75000E-03,-999.71106E-03,-3.85785168E+00
+626.80000E-03,-999.71106E-03,-3.89805269E+00
+626.85000E-03,-1.00373116E+00,-3.89805269E+00
+626.90000E-03,-999.71106E-03,-3.89805269E+00
+626.95000E-03,-999.71106E-03,-3.85785168E+00
+627.00000E-03,-1.00724874E+00,-3.89805269E+00
+627.05000E-03,-999.71106E-03,-3.85785168E+00
+627.10000E-03,-999.71106E-03,-3.85785168E+00
+627.15000E-03,-1.00775126E+00,-3.87795219E+00
+627.20000E-03,-999.71106E-03,-3.86036425E+00
+627.25000E-03,-1.00322864E+00,-3.92066575E+00
+627.30000E-03,-1.00775126E+00,-3.89805269E+00
+627.35000E-03,-999.71106E-03,-3.89805269E+00
+627.40000E-03,-999.71106E-03,-3.90056525E+00
+627.45000E-03,-1.00322864E+00,-3.88046475E+00
+627.50000E-03,-999.71106E-03,-3.93825369E+00
+627.55000E-03,-999.71106E-03,-3.89805269E+00
+627.60000E-03,-999.71106E-03,-3.93825369E+00
+627.65000E-03,-999.71106E-03,-3.91815319E+00
+627.70000E-03,-999.71106E-03,-3.90056525E+00
+627.75000E-03,-999.71106E-03,-3.93825369E+00
+627.80000E-03,-1.00724874E+00,-3.90056525E+00
+627.85000E-03,-999.71106E-03,-3.93825369E+00
+627.90000E-03,-991.67085E-03,-3.93825369E+00
+627.95000E-03,-999.71106E-03,-3.93825369E+00
+628.00000E-03,-999.71106E-03,-3.97845470E+00
+628.05000E-03,-999.71106E-03,-3.96086676E+00
+628.10000E-03,-999.71106E-03,-3.93825369E+00
+628.15000E-03,-1.00373116E+00,-3.91815319E+00
+628.20000E-03,-991.67085E-03,-3.97845470E+00
+628.25000E-03,-999.71106E-03,-3.95835420E+00
+628.30000E-03,-991.67085E-03,-3.94076626E+00
+628.35000E-03,-999.71106E-03,-3.95835420E+00
+628.40000E-03,-999.71106E-03,-3.94076626E+00
+628.45000E-03,-999.71106E-03,-3.96086676E+00
+628.50000E-03,-1.00724874E+00,-3.93825369E+00
+628.55000E-03,-999.71106E-03,-3.97845470E+00
+628.60000E-03,-999.71106E-03,-3.94076626E+00
+628.65000E-03,-995.18844E-03,-3.98096726E+00
+628.70000E-03,-999.20854E-03,-3.97845470E+00
+628.75000E-03,-999.71106E-03,-3.97845470E+00
+628.80000E-03,-991.67085E-03,-3.98096726E+00
+628.85000E-03,-999.71106E-03,-4.00106776E+00
+628.90000E-03,-999.71106E-03,-3.97845470E+00
+628.95000E-03,-999.71106E-03,-3.99855520E+00
+629.00000E-03,-991.67085E-03,-4.01865570E+00
+629.05000E-03,-1.00373116E+00,-4.00106776E+00
+629.10000E-03,-999.71106E-03,-3.97845470E+00
+629.15000E-03,-1.00322864E+00,-4.01865570E+00
+629.20000E-03,-999.71106E-03,-3.98096726E+00
+629.25000E-03,-999.71106E-03,-4.01865570E+00
+629.30000E-03,-999.71106E-03,-4.01865570E+00
+629.35000E-03,-1.00373116E+00,-3.99855520E+00
+629.40000E-03,-991.67085E-03,-4.01865570E+00
+629.45000E-03,-1.00322864E+00,-4.01865570E+00
+629.50000E-03,-1.00724874E+00,-4.01865570E+00
+629.55000E-03,-995.69095E-03,-4.01865570E+00
+629.60000E-03,-991.67085E-03,-4.01865570E+00
+629.65000E-03,-1.00322864E+00,-4.01865570E+00
+629.70000E-03,-1.00724874E+00,-4.05885671E+00
+629.75000E-03,-1.00775126E+00,-4.05885671E+00
+629.80000E-03,-999.71106E-03,-4.02116827E+00
+629.85000E-03,-999.71106E-03,-4.04126877E+00
+629.90000E-03,-999.71106E-03,-4.02116827E+00
+629.95000E-03,-999.71106E-03,-4.01865570E+00
+630.00000E-03,-999.71106E-03,-4.02116827E+00
+630.05000E-03,-999.71106E-03,-4.04126877E+00
+630.10000E-03,-999.71106E-03,-4.02116827E+00
+630.15000E-03,-999.71106E-03,-4.05885671E+00
+630.20000E-03,-999.71106E-03,-4.05885671E+00
+630.25000E-03,-1.00373116E+00,-4.05885671E+00
+630.30000E-03,-999.71106E-03,-4.09905771E+00
+630.35000E-03,-1.00373116E+00,-4.05885671E+00
+630.40000E-03,-999.71106E-03,-4.05885671E+00
+630.45000E-03,-999.71106E-03,-4.05885671E+00
+630.50000E-03,-999.71106E-03,-4.05885671E+00
+630.55000E-03,-1.00373116E+00,-4.05885671E+00
+630.60000E-03,-991.67085E-03,-4.09905771E+00
+630.65000E-03,-999.71106E-03,-4.09905771E+00
+630.70000E-03,-999.71106E-03,-4.09905771E+00
+630.75000E-03,-999.71106E-03,-4.09905771E+00
+630.80000E-03,-999.71106E-03,-4.13925872E+00
+630.85000E-03,-999.71106E-03,-4.09905771E+00
+630.90000E-03,-999.71106E-03,-4.09905771E+00
+630.95000E-03,-1.00373116E+00,-4.08146977E+00
+631.00000E-03,-999.71106E-03,-4.09905771E+00
+631.05000E-03,-999.20854E-03,-4.09905771E+00
+631.10000E-03,-999.71106E-03,-4.09905771E+00
+631.15000E-03,-999.71106E-03,-4.12167078E+00
+631.20000E-03,-1.00724874E+00,-4.13925872E+00
+631.25000E-03,-1.00373116E+00,-4.12167078E+00
+631.30000E-03,-1.00724874E+00,-4.09905771E+00
+631.35000E-03,-999.71106E-03,-4.11915821E+00
+631.40000E-03,-999.71106E-03,-4.13925872E+00
+631.45000E-03,-995.69095E-03,-4.12167078E+00
+631.50000E-03,-999.71106E-03,-4.13925872E+00
+631.55000E-03,-1.00322864E+00,-4.12167078E+00
+631.60000E-03,-1.00724874E+00,-4.13925872E+00
+631.65000E-03,-999.71106E-03,-4.13925872E+00
+631.70000E-03,-999.71106E-03,-4.13925872E+00
+631.75000E-03,-1.00322864E+00,-4.13925872E+00
+631.80000E-03,-999.71106E-03,-4.13925872E+00
+631.85000E-03,-1.00322864E+00,-4.16187178E+00
+631.90000E-03,-999.71106E-03,-4.14177128E+00
+631.95000E-03,-999.71106E-03,-4.16187178E+00
+632.00000E-03,-1.00724874E+00,-4.13925872E+00
+632.05000E-03,-1.00322864E+00,-4.17945972E+00
+632.10000E-03,-999.71106E-03,-4.14177128E+00
+632.15000E-03,-999.71106E-03,-4.15935922E+00
+632.20000E-03,-999.71106E-03,-4.13925872E+00
+632.25000E-03,-999.71106E-03,-4.17945972E+00
+632.30000E-03,-999.71106E-03,-4.17945972E+00
+632.35000E-03,-999.71106E-03,-4.16187178E+00
+632.40000E-03,-999.71106E-03,-4.17945972E+00
+632.45000E-03,-1.00373116E+00,-4.17945972E+00
+632.50000E-03,-999.71106E-03,-4.17945972E+00
+632.55000E-03,-1.00373116E+00,-4.19956022E+00
+632.60000E-03,-999.71106E-03,-4.18197228E+00
+632.65000E-03,-1.00775126E+00,-4.19956022E+00
+632.70000E-03,-991.67085E-03,-4.21966073E+00
+632.75000E-03,-999.71106E-03,-4.19956022E+00
+632.80000E-03,-999.71106E-03,-4.18197228E+00
+632.85000E-03,-999.71106E-03,-4.21966073E+00
+632.90000E-03,-1.00775126E+00,-4.18197228E+00
+632.95000E-03,-1.00322864E+00,-4.21966073E+00
+633.00000E-03,-1.00724874E+00,-4.21966073E+00
+633.05000E-03,-999.71106E-03,-4.21966073E+00
+633.10000E-03,-999.71106E-03,-4.18197228E+00
+633.15000E-03,-999.71106E-03,-4.21966073E+00
+633.20000E-03,-999.71106E-03,-4.22217329E+00
+633.25000E-03,-1.00322864E+00,-4.24227379E+00
+633.30000E-03,-1.00724874E+00,-4.25986173E+00
+633.35000E-03,-1.00775126E+00,-4.21966073E+00
+633.40000E-03,-999.71106E-03,-4.25986173E+00
+633.45000E-03,-999.71106E-03,-4.23976123E+00
+633.50000E-03,-999.71106E-03,-4.25986173E+00
+633.55000E-03,-999.71106E-03,-4.25986173E+00
+633.60000E-03,-999.71106E-03,-4.25986173E+00
+633.65000E-03,-1.00373116E+00,-4.25986173E+00
+633.70000E-03,-999.71106E-03,-4.25986173E+00
+633.75000E-03,-999.71106E-03,-4.24227379E+00
+633.80000E-03,-999.71106E-03,-4.25986173E+00
+633.85000E-03,-995.18844E-03,-4.27996223E+00
+633.90000E-03,-999.71106E-03,-4.25986173E+00
+633.95000E-03,-1.00373116E+00,-4.28247480E+00
+634.00000E-03,-999.71106E-03,-4.30006273E+00
+634.05000E-03,-999.71106E-03,-4.25986173E+00
+634.10000E-03,-999.71106E-03,-4.30006273E+00
+634.15000E-03,-999.71106E-03,-4.30006273E+00
+634.20000E-03,-999.71106E-03,-4.30006273E+00
+634.25000E-03,-995.69095E-03,-4.30006273E+00
+634.30000E-03,-999.71106E-03,-4.30006273E+00
+634.35000E-03,-999.71106E-03,-4.28247480E+00
+634.40000E-03,-999.20854E-03,-4.30006273E+00
+634.45000E-03,-1.00322864E+00,-4.32267580E+00
+634.50000E-03,-999.71106E-03,-4.30006273E+00
+634.55000E-03,-999.71106E-03,-4.30006273E+00
+634.60000E-03,-999.71106E-03,-4.34026374E+00
+634.65000E-03,-1.00775126E+00,-4.30006273E+00
+634.70000E-03,-999.71106E-03,-4.34026374E+00
+634.75000E-03,-999.71106E-03,-4.32267580E+00
+634.80000E-03,-999.71106E-03,-4.30006273E+00
+634.85000E-03,-1.00322864E+00,-4.32016324E+00
+634.90000E-03,-999.71106E-03,-4.38046474E+00
+634.95000E-03,-1.00322864E+00,-4.34026374E+00
+635.00000E-03,-1.00724874E+00,-4.34026374E+00
+635.05000E-03,-1.00775126E+00,-4.30006273E+00
+635.10000E-03,-1.00724874E+00,-4.34026374E+00
+635.15000E-03,-1.00373116E+00,-4.32267580E+00
+635.20000E-03,-999.71106E-03,-4.30257530E+00
+635.25000E-03,-1.00775126E+00,-4.34026374E+00
+635.30000E-03,-999.71106E-03,-4.34026374E+00
+635.35000E-03,-1.00322864E+00,-4.34026374E+00
+635.40000E-03,-999.71106E-03,-4.34277630E+00
+635.45000E-03,-999.71106E-03,-4.36287680E+00
+635.50000E-03,-999.71106E-03,-4.42066575E+00
+635.55000E-03,-999.71106E-03,-4.38046474E+00
+635.60000E-03,-1.00775126E+00,-4.38046474E+00
+635.65000E-03,-999.71106E-03,-4.32267580E+00
+635.70000E-03,-999.71106E-03,-4.34026374E+00
+635.75000E-03,-999.71106E-03,-4.34026374E+00
+635.80000E-03,-999.71106E-03,-4.34277630E+00
+635.85000E-03,-999.71106E-03,-4.38046474E+00
+635.90000E-03,-999.71106E-03,-4.38046474E+00
+635.95000E-03,-1.00373116E+00,-4.36036424E+00
+636.00000E-03,-1.00724874E+00,-4.38297731E+00
+636.05000E-03,-999.71106E-03,-4.36036424E+00
+636.10000E-03,-1.00724874E+00,-4.38297731E+00
+636.15000E-03,-999.71106E-03,-4.38046474E+00
+636.20000E-03,-999.71106E-03,-4.38046474E+00
+636.25000E-03,-999.71106E-03,-4.38046474E+00
+636.30000E-03,-999.71106E-03,-4.38046474E+00
+636.35000E-03,-1.00373116E+00,-4.38046474E+00
+636.40000E-03,-1.00724874E+00,-4.38046474E+00
+636.45000E-03,-1.00322864E+00,-4.38046474E+00
+636.50000E-03,-1.00724874E+00,-4.42066575E+00
+636.55000E-03,-1.00373116E+00,-4.40056525E+00
+636.60000E-03,-999.71106E-03,-4.42066575E+00
+636.65000E-03,-999.71106E-03,-4.44076625E+00
+636.70000E-03,-999.71106E-03,-4.42066575E+00
+636.75000E-03,-999.71106E-03,-4.40307781E+00
+636.80000E-03,-999.71106E-03,-4.42066575E+00
+636.85000E-03,-1.00373116E+00,-4.42066575E+00
+636.90000E-03,-999.71106E-03,-4.42317831E+00
+636.95000E-03,-999.71106E-03,-4.42066575E+00
+637.00000E-03,-991.67085E-03,-4.42066575E+00
+637.05000E-03,-1.00322864E+00,-4.44076625E+00
+637.10000E-03,-999.71106E-03,-4.42066575E+00
+637.15000E-03,-1.00373116E+00,-4.44076625E+00
+637.20000E-03,-999.71106E-03,-4.42066575E+00
+637.25000E-03,-999.71106E-03,-4.44076625E+00
+637.30000E-03,-999.71106E-03,-4.46086675E+00
+637.35000E-03,-999.71106E-03,-4.44076625E+00
+637.40000E-03,-999.71106E-03,-4.46086675E+00
+637.45000E-03,-1.00322864E+00,-4.44327881E+00
+637.50000E-03,-999.71106E-03,-4.42317831E+00
+637.55000E-03,-1.00373116E+00,-4.46086675E+00
+637.60000E-03,-999.71106E-03,-4.46086675E+00
+637.65000E-03,-995.69095E-03,-4.46086675E+00
+637.70000E-03,-991.67085E-03,-4.50106776E+00
+637.75000E-03,-1.00373116E+00,-4.50106776E+00
+637.80000E-03,-999.71106E-03,-4.50106776E+00
+637.85000E-03,-1.00322864E+00,-4.48096726E+00
+637.90000E-03,-999.71106E-03,-4.50106776E+00
+637.95000E-03,-999.71106E-03,-4.52368082E+00
+638.00000E-03,-999.71106E-03,-4.50106776E+00
+638.05000E-03,-999.71106E-03,-4.48096726E+00
+638.10000E-03,-999.71106E-03,-4.50106776E+00
+638.15000E-03,-999.71106E-03,-4.48096726E+00
+638.20000E-03,-999.71106E-03,-4.50106776E+00
+638.25000E-03,-995.69095E-03,-4.50106776E+00
+638.30000E-03,-999.20854E-03,-4.50106776E+00
+638.35000E-03,-999.71106E-03,-4.52116826E+00
+638.40000E-03,-999.71106E-03,-4.50106776E+00
+638.45000E-03,-1.00373116E+00,-4.50106776E+00
+638.50000E-03,-999.71106E-03,-4.54126876E+00
+638.55000E-03,-999.71106E-03,-4.50106776E+00
+638.60000E-03,-999.71106E-03,-4.58146977E+00
+638.65000E-03,-999.71106E-03,-4.52116826E+00
+638.70000E-03,-999.71106E-03,-4.50106776E+00
+638.75000E-03,-1.00373116E+00,-4.50106776E+00
+638.80000E-03,-999.20854E-03,-4.54126876E+00
+638.85000E-03,-995.18844E-03,-4.56388183E+00
+638.90000E-03,-991.67085E-03,-4.54126876E+00
+638.95000E-03,-999.71106E-03,-4.54126876E+00
+639.00000E-03,-991.67085E-03,-4.58146977E+00
+639.05000E-03,-999.71106E-03,-4.54126876E+00
+639.10000E-03,-991.67085E-03,-4.54126876E+00
+639.15000E-03,-995.18844E-03,-4.56136926E+00
+639.20000E-03,-991.67085E-03,-4.54378132E+00
+639.25000E-03,-999.71106E-03,-4.56388183E+00
+639.30000E-03,-991.67085E-03,-4.58146977E+00
+639.35000E-03,-995.18844E-03,-4.58146977E+00
+639.40000E-03,-999.71106E-03,-4.58146977E+00
+639.45000E-03,-999.71106E-03,-4.58146977E+00
+639.50000E-03,-999.71106E-03,-4.58146977E+00
+639.55000E-03,-995.69095E-03,-4.56136926E+00
+639.60000E-03,-999.71106E-03,-4.58398233E+00
+639.65000E-03,-999.71106E-03,-4.58146977E+00
+639.70000E-03,-999.71106E-03,-4.58146977E+00
+639.75000E-03,-999.71106E-03,-4.58146977E+00
+639.80000E-03,-991.67085E-03,-4.58146977E+00
+639.85000E-03,-995.18844E-03,-4.58146977E+00
+639.90000E-03,-999.20854E-03,-4.58146977E+00
+639.95000E-03,-999.71106E-03,-4.60408283E+00
+640.00000E-03,-999.71106E-03,-4.62167077E+00
+640.05000E-03,-999.71106E-03,-4.62167077E+00
+640.10000E-03,-999.71106E-03,-4.62167077E+00
+640.15000E-03,-1.00373116E+00,-4.60157027E+00
+640.20000E-03,-999.20854E-03,-4.62167077E+00
+640.25000E-03,-999.71106E-03,-4.62167077E+00
+640.30000E-03,-999.71106E-03,-4.62167077E+00
+640.35000E-03,-995.18844E-03,-4.62167077E+00
+640.40000E-03,-999.20854E-03,-4.62167077E+00
+640.45000E-03,-999.71106E-03,-4.62167077E+00
+640.50000E-03,-999.71106E-03,-4.62167077E+00
+640.55000E-03,-1.00322864E+00,-4.62167077E+00
+640.60000E-03,-999.20854E-03,-4.62418333E+00
+640.65000E-03,-999.71106E-03,-4.66187178E+00
+640.70000E-03,-991.67085E-03,-4.62418333E+00
+640.75000E-03,-999.71106E-03,-4.66187178E+00
+640.80000E-03,-991.67085E-03,-4.62418333E+00
+640.85000E-03,-999.71106E-03,-4.62167077E+00
+640.90000E-03,-999.71106E-03,-4.66187178E+00
+640.95000E-03,-995.18844E-03,-4.62167077E+00
+641.00000E-03,-991.67085E-03,-4.66187178E+00
+641.05000E-03,-1.00322864E+00,-4.66187178E+00
+641.10000E-03,-999.71106E-03,-4.66187178E+00
+641.15000E-03,-995.18844E-03,-4.66187178E+00
+641.20000E-03,-1.00724874E+00,-4.66187178E+00
+641.25000E-03,-995.69095E-03,-4.70207278E+00
+641.30000E-03,-991.67085E-03,-4.66438434E+00
+641.35000E-03,-995.18844E-03,-4.68197228E+00
+641.40000E-03,-991.67085E-03,-4.66438434E+00
+641.45000E-03,-995.18844E-03,-4.66187178E+00
+641.50000E-03,-991.67085E-03,-4.70207278E+00
+641.55000E-03,-995.69095E-03,-4.68197228E+00
+641.60000E-03,-999.20854E-03,-4.66438434E+00
+641.65000E-03,-995.18844E-03,-4.70207278E+00
+641.70000E-03,-991.67085E-03,-4.70207278E+00
+641.75000E-03,-995.69095E-03,-4.72217328E+00
+641.80000E-03,-991.67085E-03,-4.74227379E+00
+641.85000E-03,-995.18844E-03,-4.72468585E+00
+641.90000E-03,-999.20854E-03,-4.70207278E+00
+641.95000E-03,-991.67085E-03,-4.70207278E+00
+642.00000E-03,-999.71106E-03,-4.70207278E+00
+642.05000E-03,-995.69095E-03,-4.72217328E+00
+642.10000E-03,-991.67085E-03,-4.74227379E+00
+642.15000E-03,-995.69095E-03,-4.72468585E+00
+642.20000E-03,-991.67085E-03,-4.74227379E+00
+642.25000E-03,-999.71106E-03,-4.76488685E+00
+642.30000E-03,-991.67085E-03,-4.70458534E+00
+642.35000E-03,-999.71106E-03,-4.70207278E+00
+642.40000E-03,-999.71106E-03,-4.70458534E+00
+642.45000E-03,-995.18844E-03,-4.74227379E+00
+642.50000E-03,-991.67085E-03,-4.70458534E+00
+642.55000E-03,-991.67085E-03,-4.74227379E+00
+642.60000E-03,-991.67085E-03,-4.70458534E+00
+642.65000E-03,-995.69095E-03,-4.74227379E+00
+642.70000E-03,-991.67085E-03,-4.70458534E+00
+642.75000E-03,-995.18844E-03,-4.78247479E+00
+642.80000E-03,-999.71106E-03,-4.74478635E+00
+642.85000E-03,-1.00373116E+00,-4.74227379E+00
+642.90000E-03,-999.71106E-03,-4.74227379E+00
+642.95000E-03,-999.71106E-03,-4.74227379E+00
+643.00000E-03,-999.71106E-03,-4.78247479E+00
+643.05000E-03,-999.71106E-03,-4.78247479E+00
+643.10000E-03,-999.71106E-03,-4.78247479E+00
+643.15000E-03,-999.20854E-03,-4.78247479E+00
+643.20000E-03,-999.71106E-03,-4.78247479E+00
+643.25000E-03,-999.71106E-03,-4.80508785E+00
+643.30000E-03,-999.71106E-03,-4.74478635E+00
+643.35000E-03,-999.71106E-03,-4.78498735E+00
+643.40000E-03,-999.71106E-03,-4.78247479E+00
+643.45000E-03,-999.71106E-03,-4.78247479E+00
+643.50000E-03,-999.71106E-03,-4.78247479E+00
+643.55000E-03,-999.71106E-03,-4.78247479E+00
+643.60000E-03,-999.20854E-03,-4.78498735E+00
+643.65000E-03,-995.69095E-03,-4.80508785E+00
+643.70000E-03,-991.67085E-03,-4.82267579E+00
+643.75000E-03,-999.71106E-03,-4.80508785E+00
+643.80000E-03,-999.71106E-03,-4.82267579E+00
+643.85000E-03,-991.67085E-03,-4.80508785E+00
+643.90000E-03,-999.71106E-03,-4.82267579E+00
+643.95000E-03,-999.71106E-03,-4.82267579E+00
+644.00000E-03,-999.20854E-03,-4.82267579E+00
+644.05000E-03,-995.69095E-03,-4.84277630E+00
+644.10000E-03,-999.71106E-03,-4.82518836E+00
+644.15000E-03,-999.71106E-03,-4.84277630E+00
+644.20000E-03,-991.67085E-03,-4.82518836E+00
+644.25000E-03,-995.69095E-03,-4.82267579E+00
+644.30000E-03,-999.71106E-03,-4.86287680E+00
+644.35000E-03,-999.71106E-03,-4.84277630E+00
+644.40000E-03,-999.71106E-03,-4.86287680E+00
+644.45000E-03,-995.18844E-03,-4.84528886E+00
+644.50000E-03,-991.67085E-03,-4.82518836E+00
+644.55000E-03,-995.18844E-03,-4.82267579E+00
+644.60000E-03,-999.20854E-03,-4.86287680E+00
+644.65000E-03,-999.71106E-03,-4.86287680E+00
+644.70000E-03,-999.71106E-03,-4.86287680E+00
+644.75000E-03,-999.71106E-03,-4.86287680E+00
+644.80000E-03,-991.67085E-03,-4.90307780E+00
+644.85000E-03,-995.69095E-03,-4.88297730E+00
+644.90000E-03,-999.71106E-03,-4.86287680E+00
+644.95000E-03,-995.69095E-03,-4.88548986E+00
+645.00000E-03,-999.71106E-03,-4.90307780E+00
+645.05000E-03,-999.71106E-03,-4.86287680E+00
+645.10000E-03,-991.67085E-03,-4.86287680E+00
+645.15000E-03,-995.18844E-03,-4.86287680E+00
+645.20000E-03,-999.71106E-03,-4.90307780E+00
+645.25000E-03,-995.69095E-03,-4.92317831E+00
+645.30000E-03,-999.71106E-03,-4.90307780E+00
+645.35000E-03,-999.71106E-03,-4.90307780E+00
+645.40000E-03,-999.20854E-03,-4.90307780E+00
+645.45000E-03,-999.71106E-03,-4.90307780E+00
+645.50000E-03,-991.67085E-03,-4.90307780E+00
+645.55000E-03,-999.71106E-03,-4.88548986E+00
+645.60000E-03,-983.63065E-03,-4.90307780E+00
+645.65000E-03,-995.18844E-03,-4.90307780E+00
+645.70000E-03,-991.67085E-03,-4.94327881E+00
+645.75000E-03,-995.18844E-03,-4.92317831E+00
+645.80000E-03,-999.71106E-03,-4.90307780E+00
+645.85000E-03,-999.71106E-03,-4.92317831E+00
+645.90000E-03,-806.74623E-03,-4.94327881E+00
+645.95000E-03,-818.80653E-03,-4.96589187E+00
+646.00000E-03,-822.82664E-03,-4.98347981E+00
+646.05000E-03,-826.84674E-03,-4.94327881E+00
+646.10000E-03,-830.86684E-03,-4.94327881E+00
+646.15000E-03,-838.90704E-03,-4.96337931E+00
+646.20000E-03,-854.48493E-03,-4.94327881E+00
+646.25000E-03,-846.94724E-03,-4.94327881E+00
+646.30000E-03,-854.98744E-03,-4.94327881E+00
+646.35000E-03,-850.46483E-03,-4.96589187E+00
+646.40000E-03,-870.56533E-03,-4.98347981E+00
+646.45000E-03,-863.02764E-03,-4.98347981E+00
+646.50000E-03,-870.56533E-03,-4.94579137E+00
+646.55000E-03,-875.08794E-03,-4.96589187E+00
+646.60000E-03,-879.10804E-03,-4.94579137E+00
+646.65000E-03,-879.10804E-03,-4.96589187E+00
+646.70000E-03,-879.10804E-03,-4.98599238E+00
+646.75000E-03,-887.14824E-03,-4.98347981E+00
+646.80000E-03,-895.18844E-03,-4.98347981E+00
+646.85000E-03,-895.18844E-03,-4.98347981E+00
+646.90000E-03,-895.18844E-03,-4.98347981E+00
+646.95000E-03,-903.22864E-03,-4.98347981E+00
+647.00000E-03,-911.26885E-03,-4.94579137E+00
+647.05000E-03,-907.24874E-03,-5.02368082E+00
+647.10000E-03,-911.26885E-03,-4.98347981E+00
+647.15000E-03,-911.26885E-03,-5.00609288E+00
+647.20000E-03,-918.80653E-03,-4.98599238E+00
+647.25000E-03,-919.30905E-03,-5.00609288E+00
+647.30000E-03,-919.30905E-03,-4.98347981E+00
+647.35000E-03,-923.32915E-03,-4.98347981E+00
+647.40000E-03,-927.34925E-03,-4.98599238E+00
+647.45000E-03,-930.86683E-03,-5.00358032E+00
+647.50000E-03,-934.88694E-03,-5.02368082E+00
+647.55000E-03,-927.34925E-03,-5.04378132E+00
+647.60000E-03,-942.92714E-03,-4.98599238E+00
+647.65000E-03,-935.38945E-03,-5.06388182E+00
+647.70000E-03,-943.42965E-03,-5.06388182E+00
+647.75000E-03,-939.40955E-03,-5.02368082E+00
+647.80000E-03,-950.96734E-03,-5.06388182E+00
+647.85000E-03,-951.46985E-03,-5.06388182E+00
+647.90000E-03,-943.42965E-03,-5.06388182E+00
+647.95000E-03,-947.44975E-03,-5.06388182E+00
+648.00000E-03,-951.46985E-03,-5.06388182E+00
+648.05000E-03,-951.46985E-03,-5.02368082E+00
+648.10000E-03,-951.46985E-03,-5.06388182E+00
+648.15000E-03,-959.51005E-03,-5.06388182E+00
+648.20000E-03,-959.51005E-03,-5.02619338E+00
+648.25000E-03,-959.51005E-03,-5.08649489E+00
+648.30000E-03,-959.51005E-03,-5.06388182E+00
+648.35000E-03,-963.02764E-03,-5.10408283E+00
+648.40000E-03,-959.51005E-03,-5.02619338E+00
+648.45000E-03,-967.55025E-03,-5.08398232E+00
+648.50000E-03,-959.51005E-03,-5.06388182E+00
+648.55000E-03,-971.57035E-03,-5.06388182E+00
+648.60000E-03,-967.55025E-03,-5.06639438E+00
+648.65000E-03,-975.59045E-03,-5.08398232E+00
+648.70000E-03,-975.59045E-03,-5.10408283E+00
+648.75000E-03,-967.55025E-03,-5.08649489E+00
+648.80000E-03,-967.55025E-03,-5.06388182E+00
+648.85000E-03,-967.55025E-03,-5.08649489E+00
+648.90000E-03,-967.55025E-03,-5.10408283E+00
+648.95000E-03,-975.59045E-03,-5.10408283E+00
+649.00000E-03,-975.08794E-03,-5.10659539E+00
+649.05000E-03,-975.59045E-03,-5.10408283E+00
+649.10000E-03,-975.59045E-03,-5.10408283E+00
+649.15000E-03,-975.59045E-03,-5.10408283E+00
+649.20000E-03,-983.12814E-03,-5.10408283E+00
+649.25000E-03,-979.10804E-03,-5.12669589E+00
+649.30000E-03,-975.59045E-03,-5.10408283E+00
+649.35000E-03,-975.59045E-03,-5.10408283E+00
+649.40000E-03,-975.59045E-03,-5.10408283E+00
+649.45000E-03,-975.59045E-03,-5.14428383E+00
+649.50000E-03,-975.59045E-03,-5.14428383E+00
+649.55000E-03,-975.59045E-03,-5.12669589E+00
+649.60000E-03,-983.63065E-03,-5.10659539E+00
+649.65000E-03,-975.59045E-03,-5.14428383E+00
+649.70000E-03,-983.63065E-03,-5.14428383E+00
+649.75000E-03,-979.61055E-03,-5.12669589E+00
+649.80000E-03,-983.12814E-03,-5.14428383E+00
+649.85000E-03,-983.63065E-03,-5.12669589E+00
+649.90000E-03,-983.63065E-03,-5.14428383E+00
+649.95000E-03,-979.10804E-03,-5.18448484E+00
+650.00000E-03,-983.63065E-03,-5.10659539E+00
+650.05000E-03,-983.63065E-03,-5.16689690E+00
+650.10000E-03,-983.63065E-03,-5.14428383E+00
+650.15000E-03,-983.63065E-03,-5.16689690E+00
+650.20000E-03,-983.63065E-03,-5.18699740E+00
+650.25000E-03,-983.63065E-03,-5.18448484E+00
+650.30000E-03,-983.63065E-03,-5.14428383E+00
+650.35000E-03,-991.67085E-03,-5.18448484E+00
+650.40000E-03,-983.63065E-03,-5.18448484E+00
+650.45000E-03,-983.63065E-03,-5.16438433E+00
+650.50000E-03,-983.63065E-03,-5.18448484E+00
+650.55000E-03,-983.63065E-03,-5.18448484E+00
+650.60000E-03,-991.16834E-03,-5.18448484E+00
+650.65000E-03,-983.63065E-03,-5.18448484E+00
+650.70000E-03,-983.63065E-03,-5.18699740E+00
+650.75000E-03,-987.14824E-03,-5.22468584E+00
+650.80000E-03,-983.63065E-03,-5.22468584E+00
+650.85000E-03,-987.14824E-03,-5.20709790E+00
+650.90000E-03,-983.63065E-03,-5.22468584E+00
+650.95000E-03,-987.14824E-03,-5.20458534E+00
+651.00000E-03,-991.67085E-03,-5.22468584E+00
+651.05000E-03,-983.63065E-03,-5.22468584E+00
+651.10000E-03,-983.63065E-03,-5.26488684E+00
+651.15000E-03,-983.63065E-03,-5.22468584E+00
+651.20000E-03,-983.63065E-03,-5.26488684E+00
+651.25000E-03,-987.65075E-03,-5.22468584E+00
+651.30000E-03,-991.16834E-03,-5.22468584E+00
+651.35000E-03,-983.63065E-03,-5.24729891E+00
+651.40000E-03,-991.16834E-03,-5.26488684E+00
+651.45000E-03,-987.65075E-03,-5.22468584E+00
+651.50000E-03,-991.67085E-03,-5.26488684E+00
+651.55000E-03,-987.14824E-03,-5.24729891E+00
+651.60000E-03,-983.63065E-03,-5.26488684E+00
+651.65000E-03,-987.14824E-03,-5.22468584E+00
+651.70000E-03,-991.16834E-03,-5.26488684E+00
+651.75000E-03,-983.63065E-03,-5.22468584E+00
+651.80000E-03,-991.16834E-03,-5.26488684E+00
+651.85000E-03,-987.65075E-03,-5.24478634E+00
+651.90000E-03,-983.63065E-03,-5.22719840E+00
+651.95000E-03,-983.63065E-03,-5.22468584E+00
+652.00000E-03,-991.16834E-03,-5.22468584E+00
+652.05000E-03,-991.67085E-03,-5.22468584E+00
+652.10000E-03,-983.63065E-03,-5.22719840E+00
+652.15000E-03,-987.14824E-03,-5.22468584E+00
+652.20000E-03,-991.16834E-03,-5.18448484E+00
+652.25000E-03,-983.63065E-03,-5.20709790E+00
+652.30000E-03,-991.16834E-03,-5.18448484E+00
+652.35000E-03,-987.14824E-03,-5.20458534E+00
+652.40000E-03,-983.63065E-03,-5.22468584E+00
+652.45000E-03,-987.14824E-03,-5.18448484E+00
+652.50000E-03,-983.63065E-03,-5.22468584E+00
+652.55000E-03,-987.14824E-03,-5.18699740E+00
+652.60000E-03,-991.16834E-03,-5.22468584E+00
+652.65000E-03,-979.61055E-03,-5.16438433E+00
+652.70000E-03,-991.16834E-03,-5.18448484E+00
+652.75000E-03,-983.63065E-03,-5.18448484E+00
+652.80000E-03,-991.16834E-03,-5.14679639E+00
+652.85000E-03,-983.63065E-03,-5.16689690E+00
+652.90000E-03,-983.63065E-03,-5.14679639E+00
+652.95000E-03,-983.63065E-03,-5.16689690E+00
+653.00000E-03,-983.63065E-03,-5.18448484E+00
+653.05000E-03,-983.63065E-03,-5.18448484E+00
+653.10000E-03,-983.63065E-03,-5.18448484E+00
+653.15000E-03,-983.63065E-03,-5.14428383E+00
+653.20000E-03,-991.16834E-03,-5.14679639E+00
+653.25000E-03,-987.65075E-03,-5.16438433E+00
+653.30000E-03,-991.16834E-03,-5.14428383E+00
+653.35000E-03,-983.63065E-03,-5.12418333E+00
+653.40000E-03,-983.12814E-03,-5.14428383E+00
+653.45000E-03,-983.63065E-03,-5.14428383E+00
+653.50000E-03,-975.59045E-03,-5.14428383E+00
+653.55000E-03,-987.14824E-03,-5.12418333E+00
+653.60000E-03,-983.63065E-03,-5.10408283E+00
+653.65000E-03,-983.63065E-03,-5.12669589E+00
+653.70000E-03,-983.63065E-03,-5.14428383E+00
+653.75000E-03,-979.10804E-03,-5.14428383E+00
+653.80000E-03,-975.59045E-03,-5.14428383E+00
+653.85000E-03,-979.10804E-03,-5.10408283E+00
+653.90000E-03,-983.63065E-03,-5.10659539E+00
+653.95000E-03,-979.10804E-03,-5.12669589E+00
+654.00000E-03,-983.63065E-03,-5.10408283E+00
+654.05000E-03,-983.63065E-03,-5.08649489E+00
+654.10000E-03,-975.59045E-03,-5.06639438E+00
+654.15000E-03,-983.63065E-03,-5.10408283E+00
+654.20000E-03,-975.59045E-03,-5.10408283E+00
+654.25000E-03,-983.63065E-03,-5.10408283E+00
+654.30000E-03,-975.59045E-03,-5.10408283E+00
+654.35000E-03,-979.10804E-03,-5.06388182E+00
+654.40000E-03,-975.59045E-03,-5.06639438E+00
+654.45000E-03,-979.61055E-03,-5.10408283E+00
+654.50000E-03,-983.63065E-03,-5.06639438E+00
+654.55000E-03,-975.59045E-03,-5.06388182E+00
+654.60000E-03,-983.63065E-03,-5.02619338E+00
+654.65000E-03,-975.59045E-03,-5.06388182E+00
+654.70000E-03,-975.59045E-03,-5.06388182E+00
+654.75000E-03,-975.59045E-03,-5.06388182E+00
+654.80000E-03,-983.12814E-03,-5.02619338E+00
+654.85000E-03,-971.06784E-03,-5.06388182E+00
+654.90000E-03,-983.63065E-03,-5.06388182E+00
+654.95000E-03,-975.59045E-03,-5.02368082E+00
+655.00000E-03,-975.59045E-03,-5.06388182E+00
+655.05000E-03,-975.59045E-03,-5.06388182E+00
+655.10000E-03,-975.59045E-03,-5.06388182E+00
+655.15000E-03,-971.06784E-03,-5.04629388E+00
+655.20000E-03,-975.08794E-03,-5.06388182E+00
+655.25000E-03,-971.57035E-03,-5.06388182E+00
+655.30000E-03,-975.59045E-03,-5.02368082E+00
+655.35000E-03,-971.57035E-03,-5.04378132E+00
+655.40000E-03,-967.55025E-03,-4.98599238E+00
+655.45000E-03,-971.06784E-03,-5.04378132E+00
+655.50000E-03,-967.55025E-03,-5.02368082E+00
+655.55000E-03,-967.55025E-03,-5.02368082E+00
+655.60000E-03,-967.55025E-03,-4.98599238E+00
+655.65000E-03,-971.57035E-03,-5.00609288E+00
+655.70000E-03,-959.51005E-03,-5.02368082E+00
+655.75000E-03,-963.02764E-03,-5.02368082E+00
+655.80000E-03,-959.51005E-03,-5.02368082E+00
+655.85000E-03,-967.55025E-03,-5.00609288E+00
+655.90000E-03,-959.51005E-03,-4.98599238E+00
+655.95000E-03,-959.51005E-03,-4.98347981E+00
+656.00000E-03,-959.51005E-03,-4.98347981E+00
+656.05000E-03,-959.51005E-03,-5.00609288E+00
+656.10000E-03,-959.51005E-03,-4.94579137E+00
+656.15000E-03,-955.48995E-03,-4.98347981E+00
+656.20000E-03,-951.46985E-03,-4.98347981E+00
+656.25000E-03,-954.98744E-03,-4.98347981E+00
+656.30000E-03,-951.46985E-03,-4.98347981E+00
+656.35000E-03,-951.46985E-03,-4.98347981E+00
+656.40000E-03,-950.96734E-03,-4.94579137E+00
+656.45000E-03,-954.98744E-03,-4.98347981E+00
+656.50000E-03,-943.42965E-03,-4.98347981E+00
+656.55000E-03,-943.42965E-03,-4.94327881E+00
+656.60000E-03,-935.38945E-03,-4.94579137E+00
+656.65000E-03,-939.40955E-03,-4.94327881E+00
+656.70000E-03,-942.92714E-03,-4.98347981E+00
+656.75000E-03,-938.90704E-03,-4.94327881E+00
+656.80000E-03,-935.38945E-03,-4.94327881E+00
+656.85000E-03,-935.38945E-03,-4.96337931E+00
+656.90000E-03,-935.38945E-03,-4.90559037E+00
+656.95000E-03,-927.34925E-03,-4.92569087E+00
+657.00000E-03,-927.34925E-03,-4.90559037E+00
+657.05000E-03,-927.34925E-03,-4.96337931E+00
+657.10000E-03,-927.34925E-03,-4.94579137E+00
+657.15000E-03,-922.82663E-03,-4.94327881E+00
+657.20000E-03,-919.30905E-03,-4.94327881E+00
+657.25000E-03,-919.30905E-03,-4.92317831E+00
+657.30000E-03,-918.80653E-03,-4.90559037E+00
+657.35000E-03,-911.26885E-03,-4.92569087E+00
+657.40000E-03,-911.26885E-03,-4.90307780E+00
+657.45000E-03,-903.22864E-03,-4.92569087E+00
+657.50000E-03,-910.76633E-03,-4.94327881E+00
+657.55000E-03,-903.22864E-03,-4.92569087E+00
+657.60000E-03,-903.22864E-03,-4.90307780E+00
+657.65000E-03,-899.20854E-03,-4.88297730E+00
+657.70000E-03,-895.18844E-03,-4.90307780E+00
+657.75000E-03,-891.16834E-03,-4.90307780E+00
+657.80000E-03,-894.68593E-03,-4.90307780E+00
+657.85000E-03,-887.14824E-03,-4.88548986E+00
+657.90000E-03,-879.10804E-03,-4.90307780E+00
+657.95000E-03,-883.12814E-03,-4.88548986E+00
+658.00000E-03,-879.10804E-03,-4.86287680E+00
+658.05000E-03,-875.08794E-03,-4.86287680E+00
+658.10000E-03,-871.06784E-03,-4.90307780E+00
+658.15000E-03,-867.04774E-03,-4.86287680E+00
+658.20000E-03,-870.56533E-03,-4.86287680E+00
+658.25000E-03,-867.04774E-03,-4.88548986E+00
+658.30000E-03,-854.98744E-03,-4.86538936E+00
+658.35000E-03,-854.98744E-03,-4.84277630E+00
+658.40000E-03,-854.48493E-03,-4.90307780E+00
+658.45000E-03,-846.94724E-03,-4.84277630E+00
+658.50000E-03,-838.90704E-03,-4.86287680E+00
+658.55000E-03,-838.90704E-03,-4.84528886E+00
+658.60000E-03,-838.40452E-03,-4.86287680E+00
+658.65000E-03,-830.86684E-03,-4.84528886E+00
+658.70000E-03,-830.86684E-03,-4.82267579E+00
+658.75000E-03,-822.82664E-03,-4.82267579E+00
+658.80000E-03,-822.82664E-03,-4.82518836E+00
+658.85000E-03,-814.78643E-03,-4.84528886E+00
+658.90000E-03,-814.28392E-03,-4.82267579E+00
+658.95000E-03,-806.74623E-03,-4.82267579E+00
+659.00000E-03,-798.70603E-03,-4.82267579E+00
+659.05000E-03,-798.70603E-03,-4.82518836E+00
+659.10000E-03,-790.66583E-03,-4.82267579E+00
+659.15000E-03,-794.18342E-03,-4.82267579E+00
+659.20000E-03,-798.20352E-03,-4.82267579E+00
+659.25000E-03,-778.10302E-03,-4.80257529E+00
+659.30000E-03,-774.58543E-03,-4.82267579E+00
+659.35000E-03,-774.58543E-03,-4.80257529E+00
+659.40000E-03,-758.50503E-03,-4.82267579E+00
+659.45000E-03,-762.02262E-03,-4.80257529E+00
+659.50000E-03,-758.50503E-03,-4.78247479E+00
+659.55000E-03,-750.46483E-03,-4.78247479E+00
+659.60000E-03,-750.46483E-03,-4.82267579E+00
+659.65000E-03,-750.46483E-03,-4.78247479E+00
+659.70000E-03,-734.38442E-03,-4.78498735E+00
+659.75000E-03,-737.90201E-03,-4.78247479E+00
+659.80000E-03,-734.38442E-03,-4.74478635E+00
+659.85000E-03,-726.34422E-03,-4.76488685E+00
+659.90000E-03,-726.34422E-03,-4.82267579E+00
+659.95000E-03,-721.82161E-03,-4.78247479E+00
+660.00000E-03,-718.30402E-03,-4.78247479E+00
+660.05000E-03,-718.30402E-03,-4.74227379E+00
+660.10000E-03,-702.22362E-03,-4.74478635E+00
+660.15000E-03,-694.18342E-03,-4.74227379E+00
+660.20000E-03,-686.14322E-03,-4.78247479E+00
+660.25000E-03,-678.10302E-03,-4.74227379E+00
+660.30000E-03,-670.06282E-03,-4.78247479E+00
+660.35000E-03,-666.04272E-03,-4.74227379E+00
+660.40000E-03,-661.52010E-03,-4.78247479E+00
+660.45000E-03,-653.98242E-03,-4.74227379E+00
+660.50000E-03,-645.94221E-03,-4.70458534E+00
+660.55000E-03,-653.98242E-03,-4.74227379E+00
+660.60000E-03,-645.94221E-03,-4.74227379E+00
+660.65000E-03,-641.41960E-03,-4.70207278E+00
+660.70000E-03,-637.90201E-03,-4.74227379E+00
+660.75000E-03,-625.84171E-03,-4.74227379E+00
+660.80000E-03,-629.35930E-03,-4.70458534E+00
+660.85000E-03,-625.33920E-03,-4.74227379E+00
+660.90000E-03,-621.82161E-03,-4.70207278E+00
+660.95000E-03,-617.80151E-03,-4.72468585E+00
+661.00000E-03,-621.31910E-03,-4.74227379E+00
+661.05000E-03,-613.78141E-03,-4.72217328E+00
+661.10000E-03,-613.78141E-03,-4.74227379E+00
+661.15000E-03,-609.25880E-03,-4.70207278E+00
+661.20000E-03,-605.74121E-03,-4.70207278E+00
+661.25000E-03,-609.25880E-03,-4.68197228E+00
+661.30000E-03,-613.27890E-03,-4.70207278E+00
+661.35000E-03,-605.74121E-03,-4.68448484E+00
+661.40000E-03,-613.78141E-03,-4.66187178E+00
+661.45000E-03,-613.78141E-03,-4.70207278E+00
+661.50000E-03,-613.78141E-03,-4.70207278E+00
+661.55000E-03,-613.78141E-03,-4.70207278E+00
+661.60000E-03,-613.78141E-03,-4.66187178E+00
+661.65000E-03,-617.29900E-03,-4.66187178E+00
+661.70000E-03,-613.78141E-03,-4.66187178E+00
+661.75000E-03,-617.29900E-03,-4.68448484E+00
+661.80000E-03,-621.82161E-03,-4.66187178E+00
+661.85000E-03,-621.82161E-03,-4.68197228E+00
+661.90000E-03,-629.86181E-03,-4.66187178E+00
+661.95000E-03,-629.86181E-03,-4.66187178E+00
+662.00000E-03,-637.90201E-03,-4.66187178E+00
+662.05000E-03,-641.92211E-03,-4.66187178E+00
+662.10000E-03,-645.43970E-03,-4.66187178E+00
+662.15000E-03,-649.96232E-03,-4.62167077E+00
+662.20000E-03,-653.47990E-03,-4.66187178E+00
+662.25000E-03,-662.02262E-03,-4.62167077E+00
+662.30000E-03,-670.06282E-03,-4.62418333E+00
+662.35000E-03,-674.08292E-03,-4.62167077E+00
+662.40000E-03,-678.10302E-03,-4.66187178E+00
+662.45000E-03,-678.10302E-03,-4.62167077E+00
+662.50000E-03,-678.10302E-03,-4.62167077E+00
+662.55000E-03,-698.20352E-03,-4.62167077E+00
+662.60000E-03,-702.22362E-03,-4.62418333E+00
+662.65000E-03,-710.26382E-03,-4.60157027E+00
+662.70000E-03,-718.30402E-03,-4.58398233E+00
+662.75000E-03,-726.34422E-03,-4.62167077E+00
+662.80000E-03,-733.88191E-03,-4.62167077E+00
+662.85000E-03,-738.40453E-03,-4.60408283E+00
+662.90000E-03,-742.42463E-03,-4.58398233E+00
+662.95000E-03,-750.46483E-03,-4.60408283E+00
+663.00000E-03,-758.50503E-03,-4.58398233E+00
+663.05000E-03,-778.60553E-03,-4.60408283E+00
+663.10000E-03,-774.58543E-03,-4.62167077E+00
+663.15000E-03,-782.62563E-03,-4.58146977E+00
+663.20000E-03,-790.66583E-03,-4.58146977E+00
+663.25000E-03,-798.70603E-03,-4.60157027E+00
+663.30000E-03,-806.24372E-03,-4.54378132E+00
+663.35000E-03,-814.78643E-03,-4.58146977E+00
+663.40000E-03,-806.74623E-03,-4.58146977E+00
+663.45000E-03,-822.82664E-03,-4.56388183E+00
+663.50000E-03,-830.86684E-03,-4.58146977E+00
+663.55000E-03,-834.38442E-03,-4.58146977E+00
+663.60000E-03,-846.44473E-03,-4.58146977E+00
+663.65000E-03,-846.94724E-03,-4.56136926E+00
+663.70000E-03,-846.94724E-03,-4.58146977E+00
+663.75000E-03,-863.02764E-03,-4.58146977E+00
+663.80000E-03,-863.02764E-03,-4.54126876E+00
+663.85000E-03,-871.06784E-03,-4.54126876E+00
+663.90000E-03,-879.10804E-03,-4.54126876E+00
+663.95000E-03,-879.10804E-03,-4.56388183E+00
+664.00000E-03,-879.10804E-03,-4.58146977E+00
+664.05000E-03,-883.12814E-03,-4.54126876E+00
+664.10000E-03,-894.68593E-03,-4.54126876E+00
+664.15000E-03,-895.18844E-03,-4.52116826E+00
+664.20000E-03,-895.18844E-03,-4.54126876E+00
+664.25000E-03,-895.18844E-03,-4.54126876E+00
+664.30000E-03,-895.18844E-03,-4.50358032E+00
+664.35000E-03,-903.22864E-03,-4.50106776E+00
+664.40000E-03,-902.72613E-03,-4.50106776E+00
+664.45000E-03,-906.74623E-03,-4.52116826E+00
+664.50000E-03,-895.18844E-03,-4.50358032E+00
+664.55000E-03,-903.22864E-03,-4.52116826E+00
+664.60000E-03,-903.22864E-03,-4.46337932E+00
+664.65000E-03,-898.70603E-03,-4.54126876E+00
+664.70000E-03,-895.18844E-03,-4.50106776E+00
+664.75000E-03,-895.18844E-03,-4.50106776E+00
+664.80000E-03,-895.18844E-03,-4.50106776E+00
+664.85000E-03,-887.14824E-03,-4.50106776E+00
+664.90000E-03,-887.14824E-03,-4.50106776E+00
+664.95000E-03,-887.14824E-03,-4.50106776E+00
+665.00000E-03,-878.60553E-03,-4.46337932E+00
+665.05000E-03,-874.58543E-03,-4.48096726E+00
+665.10000E-03,-870.56533E-03,-4.50106776E+00
+665.15000E-03,-858.50503E-03,-4.48096726E+00
+665.20000E-03,-846.94724E-03,-4.46337932E+00
+665.25000E-03,-842.42462E-03,-4.46086675E+00
+665.30000E-03,-838.90704E-03,-4.46337932E+00
+665.35000E-03,-830.86684E-03,-4.48347982E+00
+665.40000E-03,-830.36432E-03,-4.46086675E+00
+665.45000E-03,-814.78643E-03,-4.46086675E+00
+665.50000E-03,-806.24372E-03,-4.46086675E+00
+665.55000E-03,-790.16332E-03,-4.42066575E+00
+665.60000E-03,-782.62563E-03,-4.46086675E+00
+665.65000E-03,-774.58543E-03,-4.44076625E+00
+665.70000E-03,-766.54523E-03,-4.46337932E+00
+665.75000E-03,-758.50503E-03,-4.48347982E+00
+665.80000E-03,-750.46483E-03,-4.46086675E+00
+665.85000E-03,-737.90201E-03,-4.46086675E+00
+665.90000E-03,-726.34422E-03,-4.46086675E+00
+665.95000E-03,-726.34422E-03,-4.42317831E+00
+666.00000E-03,-718.30402E-03,-4.42317831E+00
+666.05000E-03,-710.26382E-03,-4.42066575E+00
+666.10000E-03,-701.72111E-03,-4.42066575E+00
+666.15000E-03,-694.18342E-03,-4.42066575E+00
+666.20000E-03,-685.64071E-03,-4.42066575E+00
+666.25000E-03,-670.06282E-03,-4.42066575E+00
+666.30000E-03,-653.98242E-03,-4.42317831E+00
+666.35000E-03,-649.96232E-03,-4.42066575E+00
+666.40000E-03,-637.90201E-03,-4.42066575E+00
+666.45000E-03,-625.84171E-03,-4.40307781E+00
+666.50000E-03,-613.78141E-03,-4.38297731E+00
+666.55000E-03,-601.21860E-03,-4.44327881E+00
+666.60000E-03,-597.19850E-03,-4.46086675E+00
+666.65000E-03,-589.66081E-03,-4.38046474E+00
+666.70000E-03,-573.58041E-03,-4.38046474E+00
+666.75000E-03,-565.54021E-03,-4.38046474E+00
+666.80000E-03,-557.50000E-03,-4.38297731E+00
+666.85000E-03,-541.41960E-03,-4.38297731E+00
+666.90000E-03,-533.37940E-03,-4.38046474E+00
+666.95000E-03,-525.33920E-03,-4.40056525E+00
+667.00000E-03,-517.29900E-03,-4.34277630E+00
+667.05000E-03,-509.25880E-03,-4.40056525E+00
+667.10000E-03,-493.68091E-03,-4.38297731E+00
+667.15000E-03,-489.15830E-03,-4.36287680E+00
+667.20000E-03,-485.64071E-03,-4.34277630E+00
+667.25000E-03,-477.09800E-03,-4.34026374E+00
+667.30000E-03,-469.56031E-03,-4.38046474E+00
+667.35000E-03,-465.03769E-03,-4.36287680E+00
+667.40000E-03,-461.01759E-03,-4.38046474E+00
+667.45000E-03,-452.97739E-03,-4.36287680E+00
+667.50000E-03,-445.43970E-03,-4.34026374E+00
+667.55000E-03,-444.93719E-03,-4.34026374E+00
+667.60000E-03,-437.39950E-03,-4.38046474E+00
+667.65000E-03,-436.89699E-03,-4.34026374E+00
+667.70000E-03,-436.89699E-03,-4.34026374E+00
+667.75000E-03,-428.85679E-03,-4.32016324E+00
+667.80000E-03,-421.31910E-03,-4.34026374E+00
+667.85000E-03,-420.81659E-03,-4.34026374E+00
+667.90000E-03,-420.81659E-03,-4.34026374E+00
+667.95000E-03,-416.79649E-03,-4.36036424E+00
+668.00000E-03,-412.77639E-03,-4.30257530E+00
+668.05000E-03,-412.77639E-03,-4.34026374E+00
+668.10000E-03,-404.73619E-03,-4.30257530E+00
+668.15000E-03,-404.73619E-03,-4.30006273E+00
+668.20000E-03,-405.23870E-03,-4.34026374E+00
+668.25000E-03,-412.77639E-03,-4.30006273E+00
+668.30000E-03,-412.77639E-03,-4.30006273E+00
+668.35000E-03,-409.25880E-03,-4.32267580E+00
+668.40000E-03,-420.81659E-03,-4.34026374E+00
+668.45000E-03,-416.79649E-03,-4.32267580E+00
+668.50000E-03,-420.81659E-03,-4.30006273E+00
+668.55000E-03,-428.85679E-03,-4.30006273E+00
+668.60000E-03,-428.85679E-03,-4.30006273E+00
+668.65000E-03,-436.89699E-03,-4.25986173E+00
+668.70000E-03,-444.93719E-03,-4.26237429E+00
+668.75000E-03,-453.47991E-03,-4.27996223E+00
+668.80000E-03,-461.01759E-03,-4.30006273E+00
+668.85000E-03,-461.01759E-03,-4.28247480E+00
+668.90000E-03,-461.52011E-03,-4.30006273E+00
+668.95000E-03,-473.58041E-03,-4.27996223E+00
+669.00000E-03,-477.09800E-03,-4.25986173E+00
+669.05000E-03,-485.13820E-03,-4.25986173E+00
+669.10000E-03,-493.17840E-03,-4.25986173E+00
+669.15000E-03,-497.19850E-03,-4.24227379E+00
+669.20000E-03,-501.72111E-03,-4.25986173E+00
+669.25000E-03,-509.76131E-03,-4.25986173E+00
+669.30000E-03,-517.29900E-03,-4.25986173E+00
+669.35000E-03,-517.29900E-03,-4.25986173E+00
+669.40000E-03,-525.33920E-03,-4.25986173E+00
+669.45000E-03,-533.37940E-03,-4.24227379E+00
+669.50000E-03,-541.41960E-03,-4.21966073E+00
+669.55000E-03,-549.45980E-03,-4.23976123E+00
+669.60000E-03,-565.03769E-03,-4.25986173E+00
+669.65000E-03,-561.52011E-03,-4.23976123E+00
+669.70000E-03,-565.54021E-03,-4.25986173E+00
+669.75000E-03,-581.62061E-03,-4.21966073E+00
+669.80000E-03,-573.58041E-03,-4.21966073E+00
+669.85000E-03,-585.13820E-03,-4.21966073E+00
+669.90000E-03,-605.74121E-03,-4.21966073E+00
+669.95000E-03,-609.76131E-03,-4.21966073E+00
+670.00000E-03,-621.31910E-03,-4.21966073E+00
+670.05000E-03,-625.84171E-03,-4.23976123E+00
+670.10000E-03,-637.90201E-03,-4.21966073E+00
+670.15000E-03,-637.90201E-03,-4.19956022E+00
+670.20000E-03,-653.98242E-03,-4.17945972E+00
+670.25000E-03,-657.50000E-03,-4.20207279E+00
+670.30000E-03,-662.02262E-03,-4.18197228E+00
+670.35000E-03,-678.10302E-03,-4.20207279E+00
+670.40000E-03,-678.10302E-03,-4.18197228E+00
+670.45000E-03,-694.18342E-03,-4.17945972E+00
+670.50000E-03,-702.22362E-03,-4.17945972E+00
+670.55000E-03,-710.26382E-03,-4.16187178E+00
+670.60000E-03,-725.84171E-03,-4.14177128E+00
+670.65000E-03,-721.82161E-03,-4.17945972E+00
+670.70000E-03,-741.92211E-03,-4.17945972E+00
+670.75000E-03,-742.42463E-03,-4.20207279E+00
+670.80000E-03,-742.42463E-03,-4.14177128E+00
+670.85000E-03,-758.50503E-03,-4.16187178E+00
+670.90000E-03,-774.08292E-03,-4.17945972E+00
+670.95000E-03,-774.58543E-03,-4.15935922E+00
+671.00000E-03,-782.62563E-03,-4.17945972E+00
+671.05000E-03,-794.18342E-03,-4.13925872E+00
+671.10000E-03,-798.20352E-03,-4.14177128E+00
+671.15000E-03,-806.74623E-03,-4.13925872E+00
+671.20000E-03,-814.78643E-03,-4.17945972E+00
+671.25000E-03,-818.30402E-03,-4.13925872E+00
+671.30000E-03,-822.82664E-03,-4.14177128E+00
+671.35000E-03,-838.90704E-03,-4.09905771E+00
+671.40000E-03,-838.90704E-03,-4.13925872E+00
+671.45000E-03,-846.94724E-03,-4.11915821E+00
+671.50000E-03,-863.02764E-03,-4.09905771E+00
+671.55000E-03,-863.02764E-03,-4.09905771E+00
+671.60000E-03,-870.56533E-03,-4.10157027E+00
+671.65000E-03,-874.58543E-03,-4.09905771E+00
+671.70000E-03,-886.64573E-03,-4.13925872E+00
+671.75000E-03,-887.14824E-03,-4.13925872E+00
+671.80000E-03,-894.68593E-03,-4.09905771E+00
+671.85000E-03,-895.18844E-03,-4.12167078E+00
+671.90000E-03,-903.22864E-03,-4.10157027E+00
+671.95000E-03,-903.22864E-03,-4.09905771E+00
+672.00000E-03,-911.26885E-03,-4.09905771E+00
+672.05000E-03,-910.76633E-03,-4.09905771E+00
+672.10000E-03,-918.80653E-03,-4.09905771E+00
+672.15000E-03,-871.06784E-03,-4.08146977E+00
+672.20000E-03,-911.26885E-03,-4.05885671E+00
+672.25000E-03,-919.30905E-03,-4.08146977E+00
+672.30000E-03,-926.84673E-03,-4.05885671E+00
+672.35000E-03,-927.34925E-03,-4.07895721E+00
+672.40000E-03,-926.84673E-03,-4.09905771E+00
+672.45000E-03,-930.86683E-03,-4.05885671E+00
+672.50000E-03,-935.38945E-03,-4.09905771E+00
+672.55000E-03,-939.40955E-03,-4.07895721E+00
+672.60000E-03,-942.92714E-03,-4.05885671E+00
+672.65000E-03,-943.42965E-03,-4.08146977E+00
+672.70000E-03,-935.38945E-03,-4.06136927E+00
+672.75000E-03,-943.42965E-03,-4.03875620E+00
+672.80000E-03,-951.46985E-03,-4.05885671E+00
+672.85000E-03,-943.42965E-03,-4.04126877E+00
+672.90000E-03,-951.46985E-03,-4.02116827E+00
+672.95000E-03,-955.48995E-03,-4.05885671E+00
+673.00000E-03,-951.46985E-03,-4.05885671E+00
+673.05000E-03,-963.53015E-03,-4.03875620E+00
+673.10000E-03,-951.46985E-03,-4.02116827E+00
+673.15000E-03,-959.51005E-03,-4.04126877E+00
+673.20000E-03,-959.51005E-03,-4.05885671E+00
+673.25000E-03,-959.51005E-03,-4.01865570E+00
+673.30000E-03,-959.51005E-03,-4.05885671E+00
+673.35000E-03,-963.02764E-03,-4.01865570E+00
+673.40000E-03,-967.04774E-03,-4.01865570E+00
+673.45000E-03,-971.57035E-03,-4.01865570E+00
+673.50000E-03,-967.55025E-03,-4.02116827E+00
+673.55000E-03,-967.55025E-03,-4.01865570E+00
+673.60000E-03,-967.55025E-03,-4.01865570E+00
+673.65000E-03,-967.55025E-03,-3.99855520E+00
+673.70000E-03,-967.55025E-03,-3.98096726E+00
+673.75000E-03,-975.59045E-03,-3.99855520E+00
+673.80000E-03,-975.59045E-03,-4.01865570E+00
+673.85000E-03,-971.06784E-03,-3.99855520E+00
+673.90000E-03,-967.55025E-03,-4.01865570E+00
+673.95000E-03,-975.59045E-03,-3.97845470E+00
+674.00000E-03,-983.12814E-03,-3.97845470E+00
+674.05000E-03,-983.63065E-03,-3.97845470E+00
+674.10000E-03,-983.63065E-03,-4.01865570E+00
+674.15000E-03,-983.63065E-03,-3.97845470E+00
+674.20000E-03,-983.63065E-03,-3.97845470E+00
+674.25000E-03,-983.63065E-03,-3.97845470E+00
+674.30000E-03,-975.59045E-03,-3.97845470E+00
+674.35000E-03,-987.14824E-03,-3.95835420E+00
+674.40000E-03,-983.63065E-03,-3.97845470E+00
+674.45000E-03,-983.63065E-03,-3.95835420E+00
+674.50000E-03,-983.63065E-03,-3.97845470E+00
+674.55000E-03,-987.65075E-03,-3.97845470E+00
+674.60000E-03,-983.63065E-03,-3.97845470E+00
+674.65000E-03,-991.67085E-03,-3.93825369E+00
+674.70000E-03,-983.63065E-03,-3.93825369E+00
+674.75000E-03,-987.14824E-03,-3.93825369E+00
+674.80000E-03,-991.67085E-03,-3.97845470E+00
+674.85000E-03,-991.67085E-03,-3.93825369E+00
+674.90000E-03,-991.67085E-03,-3.97845470E+00
+674.95000E-03,-995.69095E-03,-3.92066575E+00
+675.00000E-03,-991.67085E-03,-3.93825369E+00
+675.05000E-03,-987.14824E-03,-3.89805269E+00
+675.10000E-03,-991.67085E-03,-3.93825369E+00
+675.15000E-03,-991.67085E-03,-3.93825369E+00
+675.20000E-03,-991.67085E-03,-3.93825369E+00
+675.25000E-03,-999.71106E-03,-3.89805269E+00
+675.30000E-03,-991.67085E-03,-3.90056525E+00
+675.35000E-03,-995.69095E-03,-3.91815319E+00
+675.40000E-03,-991.67085E-03,-3.93825369E+00
+675.45000E-03,-995.69095E-03,-3.89805269E+00
+675.50000E-03,-999.71106E-03,-3.89805269E+00
+675.55000E-03,-1.00373116E+00,-3.89805269E+00
+675.60000E-03,-991.67085E-03,-3.89805269E+00
+675.65000E-03,-999.71106E-03,-3.88046475E+00
+675.70000E-03,-991.67085E-03,-3.89805269E+00
+675.75000E-03,-991.67085E-03,-3.87795219E+00
+675.80000E-03,-999.71106E-03,-3.86036425E+00
+675.85000E-03,-999.71106E-03,-3.89805269E+00
+675.90000E-03,-999.20854E-03,-3.89805269E+00
+675.95000E-03,-995.69095E-03,-3.88046475E+00
+676.00000E-03,-999.20854E-03,-3.86036425E+00
+676.05000E-03,-995.18844E-03,-3.89805269E+00
+676.10000E-03,-991.67085E-03,-3.86036425E+00
+676.15000E-03,-999.71106E-03,-3.85785168E+00
+676.20000E-03,-999.71106E-03,-3.85785168E+00
+676.25000E-03,-995.18844E-03,-3.85785168E+00
+676.30000E-03,-999.20854E-03,-3.85785168E+00
+676.35000E-03,-999.71106E-03,-3.88046475E+00
+676.40000E-03,-1.00724874E+00,-3.89805269E+00
+676.45000E-03,-995.69095E-03,-3.82016324E+00
+676.50000E-03,-999.71106E-03,-3.85785168E+00
+676.55000E-03,-995.69095E-03,-3.85785168E+00
+676.60000E-03,-991.67085E-03,-3.85785168E+00
+676.65000E-03,-995.69095E-03,-3.81765068E+00
+676.70000E-03,-999.20854E-03,-3.85785168E+00
+676.75000E-03,-999.71106E-03,-3.81765068E+00
+676.80000E-03,-999.20854E-03,-3.89805269E+00
+676.85000E-03,-1.00373116E+00,-3.81765068E+00
+676.90000E-03,-991.67085E-03,-3.81765068E+00
+676.95000E-03,-995.18844E-03,-3.81765068E+00
+677.00000E-03,-999.20854E-03,-3.81765068E+00
+677.05000E-03,-991.67085E-03,-3.84026374E+00
+677.10000E-03,-991.67085E-03,-3.85785168E+00
+677.15000E-03,-999.71106E-03,-3.80006274E+00
+677.20000E-03,-991.67085E-03,-3.85785168E+00
+677.25000E-03,-995.69095E-03,-3.77744967E+00
+677.30000E-03,-991.67085E-03,-3.81765068E+00
+677.35000E-03,-995.18844E-03,-3.77744967E+00
+677.40000E-03,-999.20854E-03,-3.81765068E+00
+677.45000E-03,-991.67085E-03,-3.79755018E+00
+677.50000E-03,-991.67085E-03,-3.81765068E+00
+677.55000E-03,-999.71106E-03,-3.80006274E+00
+677.60000E-03,-999.20854E-03,-3.77744967E+00
+677.65000E-03,-991.67085E-03,-3.77744967E+00
+677.70000E-03,-999.20854E-03,-3.77744967E+00
+677.75000E-03,-991.67085E-03,-3.81765068E+00
+677.80000E-03,-999.20854E-03,-3.77996224E+00
+677.85000E-03,-999.71106E-03,-3.77744967E+00
+677.90000E-03,-999.20854E-03,-3.77744967E+00
+677.95000E-03,-999.71106E-03,-3.75734917E+00
+678.00000E-03,-991.67085E-03,-3.73976123E+00
+678.05000E-03,-995.18844E-03,-3.75734917E+00
+678.10000E-03,-999.20854E-03,-3.77744967E+00
+678.15000E-03,-999.20854E-03,-3.73724867E+00
+678.20000E-03,-991.67085E-03,-3.73976123E+00
+678.25000E-03,-999.71106E-03,-3.77744967E+00
+678.30000E-03,-991.67085E-03,-3.77744967E+00
+678.35000E-03,-999.71106E-03,-3.73724867E+00
+678.40000E-03,-999.20854E-03,-3.77744967E+00
+678.45000E-03,-999.71106E-03,-3.75734917E+00
+678.50000E-03,-991.67085E-03,-3.73724867E+00
+678.55000E-03,-999.71106E-03,-3.75734917E+00
+678.60000E-03,-999.20854E-03,-3.73724867E+00
+678.65000E-03,-995.69095E-03,-3.71714817E+00
+678.70000E-03,-999.20854E-03,-3.73724867E+00
+678.75000E-03,-999.71106E-03,-3.75734917E+00
+678.80000E-03,-999.71106E-03,-3.69956023E+00
+678.85000E-03,-991.67085E-03,-3.73724867E+00
+678.90000E-03,-999.20854E-03,-3.69956023E+00
+678.95000E-03,-995.69095E-03,-3.73724867E+00
+679.00000E-03,-999.71106E-03,-3.69956023E+00
+679.05000E-03,-999.71106E-03,-3.69704767E+00
+679.10000E-03,-999.71106E-03,-3.69704767E+00
+679.15000E-03,-995.69095E-03,-3.67694716E+00
+679.20000E-03,-999.71106E-03,-3.69704767E+00
+679.25000E-03,-995.69095E-03,-3.65684666E+00
+679.30000E-03,-999.71106E-03,-3.65684666E+00
+679.35000E-03,-999.71106E-03,-3.67694716E+00
+679.40000E-03,-999.71106E-03,-3.69704767E+00
+679.45000E-03,-999.71106E-03,-3.67945973E+00
+679.50000E-03,-999.71106E-03,-3.65935922E+00
+679.55000E-03,-999.71106E-03,-3.67694716E+00
+679.60000E-03,-999.71106E-03,-3.69704767E+00
+679.65000E-03,-999.71106E-03,-3.69956023E+00
+679.70000E-03,-1.00724874E+00,-3.65684666E+00
+679.75000E-03,-999.71106E-03,-3.65684666E+00
+679.80000E-03,-999.71106E-03,-3.69704767E+00
+679.85000E-03,-1.00322864E+00,-3.65684666E+00
+679.90000E-03,-999.71106E-03,-3.69704767E+00
+679.95000E-03,-1.00322864E+00,-3.63925872E+00
+680.00000E-03,-999.20854E-03,-3.65684666E+00
+680.05000E-03,-995.18844E-03,-3.65684666E+00
+680.10000E-03,-999.71106E-03,-3.65684666E+00
+680.15000E-03,-1.00373116E+00,-3.65684666E+00
+680.20000E-03,-999.71106E-03,-3.61664566E+00
+680.25000E-03,-999.71106E-03,-3.63925872E+00
+680.30000E-03,-999.71106E-03,-3.65684666E+00
+680.35000E-03,-1.00373116E+00,-3.63925872E+00
+680.40000E-03,-999.71106E-03,-3.61664566E+00
+680.45000E-03,-1.00322864E+00,-3.63925872E+00
+680.50000E-03,-999.71106E-03,-3.65684666E+00
+680.55000E-03,-1.00322864E+00,-3.63925872E+00
